create database topper;
use topper;
 CREATE TABLE ADDRESS 
   (	ADDRESS_ID INT, 
		ADDRESS_LINE1 VARCHAR(50), 
		ADDRESS_LINE2 VARCHAR(50), 
		CITY VARCHAR(30), 
		STATE VARCHAR(30), 
		PINCODE INT, 
		COUNTRY VARCHAR(30)
   ) ;
     CREATE TABLE CARTON 
   (	CARTON_ID INT, 
		LEN BIGINT, 
		WIDTH BIGINT,
		HEIGHT BIGINT
   ) ;
     CREATE TABLE ONLINE_CUSTOMER 
   (	CUSTOMER_ID INt, 
		CUSTOMER_FNAME VARCHAR(20), 
		CUSTOMER_LNAME VARCHAR(20), 
		CUSTOMER_EMAIL VARCHAR(30), 
		CUSTOMER_PHONE BIGINT, 
		ADDRESS_ID INT, 
		CUSTOMER_CREATION_DATE DATE, 
		CUSTOMER_USERNAME VARCHAR(20), 
		CUSTOMER_GENDER CHAR(1)
   ) ;
   CREATE TABLE ORDER_HEADER 
   (	ORDER_ID INT, 
		CUSTOMER_ID INT, 
		ORDER_DATE DATE, 
		ORDER_STATUS VARCHAR(10), 
		PAYMENT_MODE VARCHAR(20), 
		PAYMENT_DATE DATE, 
		ORDER_SHIPMENT_DATE DATE, 
		SHIPPER_ID INT
   ) ;
     CREATE TABLE ORDER_ITEMS 
   (	ORDER_ID INT, 
		PRODUCT_ID INT, 
		PRODUCT_QUANTITY INT
   ) ;
     CREATE TABLE PRODUCT 
   (	PRODUCT_ID INT, 
		PRODUCT_DESC VARCHAR(60), 
		PRODUCT_CLASS_CODE INT, 
		PRODUCT_PRICE DECIMAL(12,2), 
		PRODUCT_QUANTITY_AVAIL INt, 
		LEN INT, 
		WIDTH INT, 
		HEIGHT INT, 
		WEIGHT DECIMAL(10,4)
   ) ;
     CREATE TABLE PRODUCT_CLASS 
   (	PRODUCT_CLASS_CODE INT, 
		PRODUCT_CLASS_DESC VARCHAR(40)
   ) ;
     CREATE TABLE SHIPPER 
   (	SHIPPER_ID INT, 
		SHIPPER_NAME VARCHAR(30), 
		SHIPPER_PHONE BIGINT, 
		SHIPPER_ADDRESS INT
   ) ;
   Insert into ADDRESS (ADDRESS_ID,ADDRESS_LINE1,ADDRESS_LINE2,CITY,STATE,PINCODE,COUNTRY) values (909,'H.NO.16, Sector-4, 14th Cross','Near BDA Complex, HSR Layout','Bangalore','Karnataka',560172,'India');
Insert into ADDRESS (ADDRESS_ID,ADDRESS_LINE1,ADDRESS_LINE2,CITY,STATE,PINCODE,COUNTRY) values (910,'H.NO.15, Sector-5, 7th Main','HSR Layout','Bangalore','Karnataka',560172,'India');
Insert into ADDRESS (ADDRESS_ID,ADDRESS_LINE1,ADDRESS_LINE2,CITY,STATE,PINCODE,COUNTRY) values (911,'Flat-8, 2689/29','Tuglakkabad extn','New Delhi','Delhi',110019,'India');
Insert into ADDRESS (ADDRESS_ID,ADDRESS_LINE1,ADDRESS_LINE2,CITY,STATE,PINCODE,COUNTRY) values (912,'Flat-10, 2689/27','Nizamuddin','New Delhi','Delhi',110012,'India');
Insert into ADDRESS (ADDRESS_ID,ADDRESS_LINE1,ADDRESS_LINE2,CITY,STATE,PINCODE,COUNTRY) values (914,'H.NO.20,Heritage Apartments','Udayagiri','Mysore','Karnataka',570019,'India');
Insert into ADDRESS (ADDRESS_ID,ADDRESS_LINE1,ADDRESS_LINE2,CITY,STATE,PINCODE,COUNTRY) values (915,'2686/23, Surya Apartments','Badarpur','New Delhi','Delhi',110013,'India');
Insert into ADDRESS (ADDRESS_ID,ADDRESS_LINE1,ADDRESS_LINE2,CITY,STATE,PINCODE,COUNTRY) values (916,'No.188,1st Main,3rd Cross','Subramanyanagar','Bangalore','Karnataka',560021,'India');
Insert into ADDRESS (ADDRESS_ID,ADDRESS_LINE1,ADDRESS_LINE2,CITY,STATE,PINCODE,COUNTRY) values (917,'No.380,Sri Sai Complex','Ulsoor','Mysore','Karnataka',562109,'India');
Insert into ADDRESS (ADDRESS_ID,ADDRESS_LINE1,ADDRESS_LINE2,CITY,STATE,PINCODE,COUNTRY) values (918,'# 55/1,5th Cross,S.P.Road','Hosur','Hosur','Tamilnadu',635235,'India');
Insert into ADDRESS (ADDRESS_ID,ADDRESS_LINE1,ADDRESS_LINE2,CITY,STATE,PINCODE,COUNTRY) values (919,'43/3,Mukesh Complex','Madanayakanapalli','Hyderabad','Andhra Pradesh',517247,'India');
Insert into ADDRESS (ADDRESS_ID,ADDRESS_LINE1,ADDRESS_LINE2,CITY,STATE,PINCODE,COUNTRY) values (920,'824/1,Krishna Complex','Bagalpur Circle','Krishnagiri','Tamilnadu',635109,'India');
Insert into ADDRESS (ADDRESS_ID,ADDRESS_LINE1,ADDRESS_LINE2,CITY,STATE,PINCODE,COUNTRY) values (921,'162/S2,Margosa Road,','Malleswaram','Bangalore','Karnataka',560003,'India');
Insert into ADDRESS (ADDRESS_ID,ADDRESS_LINE1,ADDRESS_LINE2,CITY,STATE,PINCODE,COUNTRY) values (922,'No.65,9th Main,Begur Road','Bommanhalli','Mysore','Karnataka',570019,'India');
Insert into ADDRESS (ADDRESS_ID,ADDRESS_LINE1,ADDRESS_LINE2,CITY,STATE,PINCODE,COUNTRY) values (923,'#52,N.K.Building','Bijai','Mangalore','Karnataka',575002,'India');
Insert into ADDRESS (ADDRESS_ID,ADDRESS_LINE1,ADDRESS_LINE2,CITY,STATE,PINCODE,COUNTRY) values (924,'1160,Rainbow Apartments','Parangipalyam','Chittoor','Andhra Pradesh',517337,'India');
Insert into ADDRESS (ADDRESS_ID,ADDRESS_LINE1,ADDRESS_LINE2,CITY,STATE,PINCODE,COUNTRY) values (925,'No.1610,Kuppu Swamy Complex','SVR Layout','Salem','Tamilnadu',635203,'India');
Insert into ADDRESS (ADDRESS_ID,ADDRESS_LINE1,ADDRESS_LINE2,CITY,STATE,PINCODE,COUNTRY) values (926,'#140,4th Main,6th Cross','Manikonda IT Park','Hyderabad','Andhra Pradesh',517252,'India');
Insert into ADDRESS (ADDRESS_ID,ADDRESS_LINE1,ADDRESS_LINE2,CITY,STATE,PINCODE,COUNTRY) values (927,'#155, 2nd Main Channal Road','Saraswethipuram','Dharmapuri','Tamilnadu',635897,'India');
Insert into ADDRESS (ADDRESS_ID,ADDRESS_LINE1,ADDRESS_LINE2,CITY,STATE,PINCODE,COUNTRY) values (928,'#412, 100ft Road,4th Block','Koramangala','Bangalore','Karnataka',560034,'India');
Insert into ADDRESS (ADDRESS_ID,ADDRESS_LINE1,ADDRESS_LINE2,CITY,STATE,PINCODE,COUNTRY) values (913,'No. 354, 3/5/343','1st Main, 2nd Cross, Jayanagar 4th Blk','Bangalore','Karnataka',560005,'India');
Insert into ADDRESS (ADDRESS_ID,ADDRESS_LINE1,ADDRESS_LINE2,CITY,STATE,PINCODE,COUNTRY) values (1000,'Anand Engineering, Plot No. 66, Road No. 15/17','MIDC, Andheri East, ','Mumbai','Maharashtra',400093,'India');
Insert into ADDRESS (ADDRESS_ID,ADDRESS_LINE1,ADDRESS_LINE2,CITY,STATE,PINCODE,COUNTRY) values (1001,'59-A, Road INT 1, ','Mulgaon, Andheri East,','Mumbai','Maharashtra',400047,'India');
Insert into ADDRESS (ADDRESS_ID,ADDRESS_LINE1,ADDRESS_LINE2,CITY,STATE,PINCODE,COUNTRY) values (1002,'Acme Plaza, Andheri - Kurla Rd, ','Vijay Nagar Colony, J B Nagar, Andheri East,','Mumbai','Maharashtra',400053,'India');
Insert into ADDRESS (ADDRESS_ID,ADDRESS_LINE1,ADDRESS_LINE2,CITY,STATE,PINCODE,COUNTRY) values (1003,'#41, Main Road,4th Block','Opp. Forum Mall, Koramangala','Bangalore','Karnataka',560034,'India');
Insert into ADDRESS (ADDRESS_ID,ADDRESS_LINE1,ADDRESS_LINE2,CITY,STATE,PINCODE,COUNTRY) values (1004,'Collector Chawl, Kondivita Road, ','J B Nagar, Andheri East','Mumbai','Maharashtra',400059,'India');
Insert into ADDRESS (ADDRESS_ID,ADDRESS_LINE1,ADDRESS_LINE2,CITY,STATE,PINCODE,COUNTRY) values (1005,'Jeevan Sandhya CHS, Bharat Ark, 4, Veera Desa#6','Mhada Colony, Azad Nagar, Andheri West','Mumbai','Maharashtra',400053,'India');
Insert into ADDRESS (ADDRESS_ID,ADDRESS_LINE1,ADDRESS_LINE2,CITY,STATE,PINCODE,COUNTRY) values (930,'8340','Pilgrim Lane','Fargo','ND',58012,'USA');
Insert into ADDRESS (ADDRESS_ID,ADDRESS_LINE1,ADDRESS_LINE2,CITY,STATE,PINCODE,COUNTRY) values (931,'938','SE. 53rd Street','Scarsdale','NY',10583,'USA');
Insert into ADDRESS (ADDRESS_ID,ADDRESS_LINE1,ADDRESS_LINE2,CITY,STATE,PINCODE,COUNTRY) values (932,'7834','Theatre St.','Brooklyn','NY',11201,'USA');
Insert into ADDRESS (ADDRESS_ID,ADDRESS_LINE1,ADDRESS_LINE2,CITY,STATE,PINCODE,COUNTRY) values (933,'777','Brockton Avenue','Abington','MA',2351,'USA');
Insert into ADDRESS (ADDRESS_ID,ADDRESS_LINE1,ADDRESS_LINE2,CITY,STATE,PINCODE,COUNTRY) values (934,'30','Memorial Drive','Avon','MA',2322,'USA');
Insert into ADDRESS (ADDRESS_ID,ADDRESS_LINE1,ADDRESS_LINE2,CITY,STATE,PINCODE,COUNTRY) values (935,'250','Hartford Avenue','Bellingham','MA',2019,'USA');
Insert into ADDRESS (ADDRESS_ID,ADDRESS_LINE1,ADDRESS_LINE2,CITY,STATE,PINCODE,COUNTRY) values (936,'141','Washington Ave','Albany','NY',12205,'USA');
Insert into ADDRESS (ADDRESS_ID,ADDRESS_LINE1,ADDRESS_LINE2,CITY,STATE,PINCODE,COUNTRY) values (937,'13858','Rt 31 Brookfield St','W. Alibio','NY',14411,'USA');
Insert into ADDRESS (ADDRESS_ID,ADDRESS_LINE1,ADDRESS_LINE2,CITY,STATE,PINCODE,COUNTRY) values (938,'2055','Niagara Falls Blvd','Amherst','NY',14228,'USA');
Insert into ADDRESS (ADDRESS_ID,ADDRESS_LINE1,ADDRESS_LINE2,CITY,STATE,PINCODE,COUNTRY) values (939,'2011','Niagara Falls Blvd','Amherst','NY',14228,'USA');
Insert into ADDRESS (ADDRESS_ID,ADDRESS_LINE1,ADDRESS_LINE2,CITY,STATE,PINCODE,COUNTRY) values (940,'315','Foxon Blvd, New','Haven','CT',6513,'USA');
Insert into ADDRESS (ADDRESS_ID,ADDRESS_LINE1,ADDRESS_LINE2,CITY,STATE,PINCODE,COUNTRY) values (941,'164','Danbury Rd, New','Milford','CT',6776,'USA');
Insert into ADDRESS (ADDRESS_ID,ADDRESS_LINE1,ADDRESS_LINE2,CITY,STATE,PINCODE,COUNTRY) values (942,'3164','Berlin Turnpike','Newington','CT',6111,'USA');
Insert into ADDRESS (ADDRESS_ID,ADDRESS_LINE1,ADDRESS_LINE2,CITY,STATE,PINCODE,COUNTRY) values (943,'474','Boston Post Road','North Windham','CT',6256,'USA');
Insert into ADDRESS (ADDRESS_ID,ADDRESS_LINE1,ADDRESS_LINE2,CITY,STATE,PINCODE,COUNTRY) values (944,'650','Main Ave','Norwalk','CT',6851,'USA');
Insert into ADDRESS (ADDRESS_ID,ADDRESS_LINE1,ADDRESS_LINE2,CITY,STATE,PINCODE,COUNTRY) values (945,'1600','Montclair Rd','Birmingham','AL',35210,'USA');
Insert into ADDRESS (ADDRESS_ID,ADDRESS_LINE1,ADDRESS_LINE2,CITY,STATE,PINCODE,COUNTRY) values (946,'5919','Trussville Crossings Pkwy','Birmingham','AL',35235,'USA');
Insert into ADDRESS (ADDRESS_ID,ADDRESS_LINE1,ADDRESS_LINE2,CITY,STATE,PINCODE,COUNTRY) values (947,'5360','Southwestern Blvd','Hamburg','NY',14075,'USA');
Insert into ADDRESS (ADDRESS_ID,ADDRESS_LINE1,ADDRESS_LINE2,CITY,STATE,PINCODE,COUNTRY) values (948,'103','North Caroline St','Herkimer','NY',13350,'USA');
Insert into ADDRESS (ADDRESS_ID,ADDRESS_LINE1,ADDRESS_LINE2,CITY,STATE,PINCODE,COUNTRY) values (949,'1000','State Route 36','Hornell','NY',14843,'USA');
Insert into ADDRESS (ADDRESS_ID,ADDRESS_LINE1,ADDRESS_LINE2,CITY,STATE,PINCODE,COUNTRY) values (950,'1 Holland Grove Road','#23-34 Beachview Apts','Bukit Timah',null,278790,'Singapore');
Insert into ADDRESS (ADDRESS_ID,ADDRESS_LINE1,ADDRESS_LINE2,CITY,STATE,PINCODE,COUNTRY) values (951,'16, Sandilands Road','#12-45 Changi Towers','Singapore',null,546080,'Singapore');
Insert into ADDRESS (ADDRESS_ID,ADDRESS_LINE1,ADDRESS_LINE2,CITY,STATE,PINCODE,COUNTRY) values (952,'Blk 35 Mandalay Road','# 13–37 Mandalay Towers ','Singapore',null,308215,'Singapore');
Insert into ADDRESS (ADDRESS_ID,ADDRESS_LINE1,ADDRESS_LINE2,CITY,STATE,PINCODE,COUNTRY) values (953,'10 Eunos Road 8 ','Singapore Post Centre ','Singapore',null,408600,'Singapore');
Insert into ADDRESS (ADDRESS_ID,ADDRESS_LINE1,ADDRESS_LINE2,CITY,STATE,PINCODE,COUNTRY) values (954,'Bruderer 65 ','Loyang Way','Singapore',null,508755,'Singapore');
Insert into ADDRESS (ADDRESS_ID,ADDRESS_LINE1,ADDRESS_LINE2,CITY,STATE,PINCODE,COUNTRY) values (955,'277 Orchard Road','Tampines','Singapore',null,238858,'Singapore');
Insert into ADDRESS (ADDRESS_ID,ADDRESS_LINE1,ADDRESS_LINE2,CITY,STATE,PINCODE,COUNTRY) values (956,'75 Kg Sg Ramal Luar','Kajang ','Selangor',null,43000,'Malaysia');
Insert into ADDRESS (ADDRESS_ID,ADDRESS_LINE1,ADDRESS_LINE2,CITY,STATE,PINCODE,COUNTRY) values (957,'Apt #23, Putra Towers','45 Jalan Tun Ismail ','Kuala Lumpur',null,50480,'Malaysia');
Insert into ADDRESS (ADDRESS_ID,ADDRESS_LINE1,ADDRESS_LINE2,CITY,STATE,PINCODE,COUNTRY) values (958,'Apt #24, Putra Towers','45 Jalan Tun Ismail ','Kuala Lumpur',null,50480,'Malaysia');
Insert into ADDRESS (ADDRESS_ID,ADDRESS_LINE1,ADDRESS_LINE2,CITY,STATE,PINCODE,COUNTRY) values (959,'476 Jalan Tun Razak','77A Jalan Sultan Sulaiman, ','Kuala Terengganu',null,20000,'Malaysia');
Insert into ADDRESS (ADDRESS_ID,ADDRESS_LINE1,ADDRESS_LINE2,CITY,STATE,PINCODE,COUNTRY) values (960,'205 Shanthi Villa','Silkhouse Street','Kandy',null,20000,'Sri Lanka');

Insert into CARTON (CARTON_ID,LEN,WIDTH,HEIGHT) values (10,600,300,100);
Insert into CARTON (CARTON_ID,LEN,WIDTH,HEIGHT) values (20,1200,900,450);
Insert into CARTON (CARTON_ID,LEN,WIDTH,HEIGHT) values (30,1200,900,600);
Insert into CARTON (CARTON_ID,LEN,WIDTH,HEIGHT) values (40,1500,900,900);
Insert into CARTON (CARTON_ID,LEN,WIDTH,HEIGHT) values (50,3000,1000,900);
Insert into CARTON (CARTON_ID,LEN,WIDTH,HEIGHT) values (60,300,150,50);
Insert into CARTON (CARTON_ID,LEN,WIDTH,HEIGHT) values (70,300,200,50);
Insert into CARTON (CARTON_ID,LEN,WIDTH,HEIGHT) values (80,1400,800,900);
select * from CARTON;

Insert into ONLINE_CUSTOMER (CUSTOMER_ID,CUSTOMER_FNAME,CUSTOMER_LNAME,CUSTOMER_EMAIL,CUSTOMER_PHONE,ADDRESS_ID,CUSTOMER_CREATION_DATE,CUSTOMER_USERNAME,CUSTOMER_GENDER) values (1,'Jennifer','Wilson','jen_w@gmail.com',9776363306,909,PARSE('01-JUN-91' AS DATE USING 'en-US'),'jen_w','F');
Insert into ONLINE_CUSTOMER (CUSTOMER_ID,CUSTOMER_FNAME,CUSTOMER_LNAME,CUSTOMER_EMAIL,CUSTOMER_PHONE,ADDRESS_ID,CUSTOMER_CREATION_DATE,CUSTOMER_USERNAME,CUSTOMER_GENDER) values (2,'Jackson','Davis','dave_jack@gmail.com',9886363307,910,PARSE('12-JUN-01' AS DATE USING 'en-US' ),'dave_jack','M');
Insert into ONLINE_CUSTOMER (CUSTOMER_ID,CUSTOMER_FNAME,CUSTOMER_LNAME,CUSTOMER_EMAIL,CUSTOMER_PHONE,ADDRESS_ID,CUSTOMER_CREATION_DATE,CUSTOMER_USERNAME,CUSTOMER_GENDER) values (3,'Komal','Choudhary','ch_komal@yahoo.co.IN',9178234526,911,PARSE('26-JUN-02' AS DATE USING 'en-US'),'komalc','F');
Insert into ONLINE_CUSTOMER (CUSTOMER_ID,CUSTOMER_FNAME,CUSTOMER_LNAME,CUSTOMER_EMAIL,CUSTOMER_PHONE,ADDRESS_ID,CUSTOMER_CREATION_DATE,CUSTOMER_USERNAME,CUSTOMER_GENDER) values (4,'Wilfred','Jean','w_jean@gmail.com',9196257439,912,PARSE('12-JAN-06' AS DATE USING 'en-US'),'jeanw','M');
Insert into ONLINE_CUSTOMER (CUSTOMER_ID,CUSTOMER_FNAME,CUSTOMER_LNAME,CUSTOMER_EMAIL,CUSTOMER_PHONE,ADDRESS_ID,CUSTOMER_CREATION_DATE,CUSTOMER_USERNAME,CUSTOMER_GENDER) values (6,'Anita','Goswami','agoswami@gmail.com',9873245623,914,PARSE('13-MAR-06' AS DATE USING 'en-US'),'anitag','F');
Insert into ONLINE_CUSTOMER (CUSTOMER_ID,CUSTOMER_FNAME,CUSTOMER_LNAME,CUSTOMER_EMAIL,CUSTOMER_PHONE,ADDRESS_ID,CUSTOMER_CREATION_DATE,CUSTOMER_USERNAME,CUSTOMER_GENDER) values (7,'Ashwathi','Bhatt','ash_bhat@yahoo.co.IN',9773636307,915,PARSE('15-APR-07' AS DATE USING 'en-US'),'abhatt','F');
Insert into ONLINE_CUSTOMER (CUSTOMER_ID,CUSTOMER_FNAME,CUSTOMER_LNAME,CUSTOMER_EMAIL,CUSTOMER_PHONE,ADDRESS_ID,CUSTOMER_CREATION_DATE,CUSTOMER_USERNAME,CUSTOMER_GENDER) values (8,'Neetha','Castelina','neetha20@gmail.com',8196236362,916,PARSE('16-AUG-11' AS DATE USING 'en-US'),'cneeta','F');
Insert into ONLINE_CUSTOMER (CUSTOMER_ID,CUSTOMER_FNAME,CUSTOMER_LNAME,CUSTOMER_EMAIL,CUSTOMER_PHONE,ADDRESS_ID,CUSTOMER_CREATION_DATE,CUSTOMER_USERNAME,CUSTOMER_GENDER) values (9,'Devika','Satish','devika_sa@gmail.com',9780945716,917,PARSE('01-SEP-11' AS DATE USING 'en-US'),'sdevika','F');
Insert into ONLINE_CUSTOMER (CUSTOMER_ID,CUSTOMER_FNAME,CUSTOMER_LNAME,CUSTOMER_EMAIL,CUSTOMER_PHONE,ADDRESS_ID,CUSTOMER_CREATION_DATE,CUSTOMER_USERNAME,CUSTOMER_GENDER) values (10,'Bidhan','C.Roy','bidhanroy@yahoo.co.in',9886218583,918,PARSE('23-OCT-11' AS DATE USING 'en-US'),'bcroy','F');
Insert into ONLINE_CUSTOMER (CUSTOMER_ID,CUSTOMER_FNAME,CUSTOMER_LNAME,CUSTOMER_EMAIL,CUSTOMER_PHONE,ADDRESS_ID,CUSTOMER_CREATION_DATE,CUSTOMER_USERNAME,CUSTOMER_GENDER) values (11,'Vikas','Jha','vikas.jha@gmail.com',9008812436,919,PARSE('15-NOV-11' AS DATE USING 'en-US'),'vjha','M');
Insert into ONLINE_CUSTOMER (CUSTOMER_ID,CUSTOMER_FNAME,CUSTOMER_LNAME,CUSTOMER_EMAIL,CUSTOMER_PHONE,ADDRESS_ID,CUSTOMER_CREATION_DATE,CUSTOMER_USERNAME,CUSTOMER_GENDER) values (12,'Arul','Kumar.T','arulkumar@gmail.com',9902179894,920,PARSE('03-DEC-11' AS DATE USING 'en-US'),'akumar','M');
Insert into ONLINE_CUSTOMER (CUSTOMER_ID,CUSTOMER_FNAME,CUSTOMER_LNAME,CUSTOMER_EMAIL,CUSTOMER_PHONE,ADDRESS_ID,CUSTOMER_CREATION_DATE,CUSTOMER_USERNAME,CUSTOMER_GENDER) values (13,'Ravi','Srinivasn','r_srinivasn@yahoo.co.in',9945466015,921,PARSE('05-JAN-12' AS DATE USING 'en-US'),'ravisri','M');
Insert into ONLINE_CUSTOMER (CUSTOMER_ID,CUSTOMER_FNAME,CUSTOMER_LNAME,CUSTOMER_EMAIL,CUSTOMER_PHONE,ADDRESS_ID,CUSTOMER_CREATION_DATE,CUSTOMER_USERNAME,CUSTOMER_GENDER) values (14,'Avinash','Dutta','avinash.dutta@yahoo.co.in',9845100228,922,PARSE('18-JAN-12' AS DATE USING 'en-US'),'avdutta','M');
Insert into ONLINE_CUSTOMER (CUSTOMER_ID,CUSTOMER_FNAME,CUSTOMER_LNAME,CUSTOMER_EMAIL,CUSTOMER_PHONE,ADDRESS_ID,CUSTOMER_CREATION_DATE,CUSTOMER_USERNAME,CUSTOMER_GENDER) values (15,'Jyoti','Sinha','jyotisinha@gmail.com',9987795155,923,PARSE('31-JAN-12' AS DATE USING 'en-US'),'jyo_s','F');
Insert into ONLINE_CUSTOMER (CUSTOMER_ID,CUSTOMER_FNAME,CUSTOMER_LNAME,CUSTOMER_EMAIL,CUSTOMER_PHONE,ADDRESS_ID,CUSTOMER_CREATION_DATE,CUSTOMER_USERNAME,CUSTOMER_GENDER) values (16,'Vijay','Bollineni','vbollineni@gmail.com',7829012228,924,PARSE('06-FEB-12' AS DATE USING 'en-US'),'vbolli','M');
Insert into ONLINE_CUSTOMER (CUSTOMER_ID,CUSTOMER_FNAME,CUSTOMER_LNAME,CUSTOMER_EMAIL,CUSTOMER_PHONE,ADDRESS_ID,CUSTOMER_CREATION_DATE,CUSTOMER_USERNAME,CUSTOMER_GENDER) values (17,'Prasad','Shetty','pshetty@yahoo.co.in',9731497821,925,PARSE('26-FEB-12' AS DATE USING 'en-US'),'shetty','M');
Insert into ONLINE_CUSTOMER (CUSTOMER_ID,CUSTOMER_FNAME,CUSTOMER_LNAME,CUSTOMER_EMAIL,CUSTOMER_PHONE,ADDRESS_ID,CUSTOMER_CREATION_DATE,CUSTOMER_USERNAME,CUSTOMER_GENDER) values (18,'Suresh','Babu','sbabu@yahoo.co.in',9845969216,926,PARSE('01-MAR-12' AS DATE USING 'en-US'),'babu_s','M');
Insert into ONLINE_CUSTOMER (CUSTOMER_ID,CUSTOMER_FNAME,CUSTOMER_LNAME,CUSTOMER_EMAIL,CUSTOMER_PHONE,ADDRESS_ID,CUSTOMER_CREATION_DATE,CUSTOMER_USERNAME,CUSTOMER_GENDER) values (19,'Bharti','Subhash','bhartis@gmail.com',9886870414,927,PARSE('28-MAR-12' AS DATE USING 'en-US'),'bha_subh','F');
Insert into ONLINE_CUSTOMER (CUSTOMER_ID,CUSTOMER_FNAME,CUSTOMER_LNAME,CUSTOMER_EMAIL,CUSTOMER_PHONE,ADDRESS_ID,CUSTOMER_CREATION_DATE,CUSTOMER_USERNAME,CUSTOMER_GENDER) values (20,'Keshav','Jog','kesjog@yahoo.co.in',7942536789,928,PARSE('06-APR-12' AS DATE USING 'en-US'),'jog_kes','M');
Insert into ONLINE_CUSTOMER (CUSTOMER_ID,CUSTOMER_FNAME,CUSTOMER_LNAME,CUSTOMER_EMAIL,CUSTOMER_PHONE,ADDRESS_ID,CUSTOMER_CREATION_DATE,CUSTOMER_USERNAME,CUSTOMER_GENDER) values (5,'Ramya','Ravinder','ramya_r23@gmail.com',7732341567,913,PARSE('12-FEB-06' AS DATE USING 'en-US'),'rramya','F');
Insert into ONLINE_CUSTOMER (CUSTOMER_ID,CUSTOMER_FNAME,CUSTOMER_LNAME,CUSTOMER_EMAIL,CUSTOMER_PHONE,ADDRESS_ID,CUSTOMER_CREATION_DATE,CUSTOMER_USERNAME,CUSTOMER_GENDER) values (21,'Alan','Silvestri','alan_silver@msn.com',9450465464,930,PARSE('04-FEB-16' AS DATE USING 'en-US'),'asilvestri','M');
Insert into ONLINE_CUSTOMER (CUSTOMER_ID,CUSTOMER_FNAME,CUSTOMER_LNAME,CUSTOMER_EMAIL,CUSTOMER_PHONE,ADDRESS_ID,CUSTOMER_CREATION_DATE,CUSTOMER_USERNAME,CUSTOMER_GENDER) values (22,'Andrew','Stanton','andrew_stanton@yahoo.com',9806980253,931,PARSE('23-MAY-13' AS DATE USING 'en-US'),'astanton','M');
Insert into ONLINE_CUSTOMER (CUSTOMER_ID,CUSTOMER_FNAME,CUSTOMER_LNAME,CUSTOMER_EMAIL,CUSTOMER_PHONE,ADDRESS_ID,CUSTOMER_CREATION_DATE,CUSTOMER_USERNAME,CUSTOMER_GENDER) values (23,'Anna','Pinnock','anna_pinnock@yahoo.com',8540548103,932,PARSE('18-JAN-13' AS DATE USING 'en-US'),'apinnock','F');
Insert into ONLINE_CUSTOMER (CUSTOMER_ID,CUSTOMER_FNAME,CUSTOMER_LNAME,CUSTOMER_EMAIL,CUSTOMER_PHONE,ADDRESS_ID,CUSTOMER_CREATION_DATE,CUSTOMER_USERNAME,CUSTOMER_GENDER) values (24,'Brian','Grazer','brian_grazer@gmail.com',7599462567,933,PARSE('28-DEC-09' AS DATE USING 'en-US'),'bgrazer','M');
Insert into ONLINE_CUSTOMER (CUSTOMER_ID,CUSTOMER_FNAME,CUSTOMER_LNAME,CUSTOMER_EMAIL,CUSTOMER_PHONE,ADDRESS_ID,CUSTOMER_CREATION_DATE,CUSTOMER_USERNAME,CUSTOMER_GENDER) values (25,'Bruno','Delbonnel','bruno_delbonnel@msn.com',9016687652,934,PARSE('27-AUG-12' AS DATE USING 'en-US'),'bdelbonnel','M');
Insert into ONLINE_CUSTOMER (CUSTOMER_ID,CUSTOMER_FNAME,CUSTOMER_LNAME,CUSTOMER_EMAIL,CUSTOMER_PHONE,ADDRESS_ID,CUSTOMER_CREATION_DATE,CUSTOMER_USERNAME,CUSTOMER_GENDER) values (26,'Stephen','E. Rivkin','stephen_e. rivkin@msn.com',9860111721,935,PARSE('04-MAR-10' AS DATE USING 'en-US'),'srivkin','M');
Insert into ONLINE_CUSTOMER (CUSTOMER_ID,CUSTOMER_FNAME,CUSTOMER_LNAME,CUSTOMER_EMAIL,CUSTOMER_PHONE,ADDRESS_ID,CUSTOMER_CREATION_DATE,CUSTOMER_USERNAME,CUSTOMER_GENDER) values (27,'Mali','Finn','mali_finn@yahoo.com',7373475035,936,PARSE('14-JAN-06' AS DATE USING 'en-US'),'mfinn','F');
Insert into ONLINE_CUSTOMER (CUSTOMER_ID,CUSTOMER_FNAME,CUSTOMER_LNAME,CUSTOMER_EMAIL,CUSTOMER_PHONE,ADDRESS_ID,CUSTOMER_CREATION_DATE,CUSTOMER_USERNAME,CUSTOMER_GENDER) values (28,'Sayyed','Faraj','sayyed_faraj@gmail.com',8556784235,937,PARSE('01-NOV-09' AS DATE USING 'en-US'),'sfaraj','M');
Insert into ONLINE_CUSTOMER (CUSTOMER_ID,CUSTOMER_FNAME,CUSTOMER_LNAME,CUSTOMER_EMAIL,CUSTOMER_PHONE,ADDRESS_ID,CUSTOMER_CREATION_DATE,CUSTOMER_USERNAME,CUSTOMER_GENDER) values (29,'Francine','Maisler','francine_maisler@gmail.com',8440046170,938,PARSE('01-SEP-13' AS DATE USING 'en-US'),'fmaisler','F');
Insert into ONLINE_CUSTOMER (CUSTOMER_ID,CUSTOMER_FNAME,CUSTOMER_LNAME,CUSTOMER_EMAIL,CUSTOMER_PHONE,ADDRESS_ID,CUSTOMER_CREATION_DATE,CUSTOMER_USERNAME,CUSTOMER_GENDER) values (30,'Anita','Kohli','anita_kohli@yahoo.com',8631526613,939,PARSE('24-OCT-10' AS DATE USING 'en-US'),'akohli','F');
Insert into ONLINE_CUSTOMER (CUSTOMER_ID,CUSTOMER_FNAME,CUSTOMER_LNAME,CUSTOMER_EMAIL,CUSTOMER_PHONE,ADDRESS_ID,CUSTOMER_CREATION_DATE,CUSTOMER_USERNAME,CUSTOMER_GENDER) values (31,'Thomas','Newman','thomas_nman@yahoo.com',9539300577,940,PARSE('30-JUN-15' AS DATE USING 'en-US'),'tnewman','M');
Insert into ONLINE_CUSTOMER (CUSTOMER_ID,CUSTOMER_FNAME,CUSTOMER_LNAME,CUSTOMER_EMAIL,CUSTOMER_PHONE,ADDRESS_ID,CUSTOMER_CREATION_DATE,CUSTOMER_USERNAME,CUSTOMER_GENDER) values (32,'Hans','Zimmer','hans_zimmer@yahoo.com',8338774317,941,PARSE('24-JAN-16' AS DATE USING 'en-US'),'hzimmer','M');
Insert into ONLINE_CUSTOMER (CUSTOMER_ID,CUSTOMER_FNAME,CUSTOMER_LNAME,CUSTOMER_EMAIL,CUSTOMER_PHONE,ADDRESS_ID,CUSTOMER_CREATION_DATE,CUSTOMER_USERNAME,CUSTOMER_GENDER) values (33,'Niseema','Zimmer','niseemaz@yahoo.com',8179413840,941,PARSE('29-DEC-14' AS DATE USING 'en-US'),'ntalli','F');
Insert into ONLINE_CUSTOMER (CUSTOMER_ID,CUSTOMER_FNAME,CUSTOMER_LNAME,CUSTOMER_EMAIL,CUSTOMER_PHONE,ADDRESS_ID,CUSTOMER_CREATION_DATE,CUSTOMER_USERNAME,CUSTOMER_GENDER) values (34,'Hans','Zimmer','hans_zimmer@gmail.com',9477272235,943,PARSE('27-SEP-15' AS DATE USING 'en-US'),'hzimmer2','M');
Insert into ONLINE_CUSTOMER (CUSTOMER_ID,CUSTOMER_FNAME,CUSTOMER_LNAME,CUSTOMER_EMAIL,CUSTOMER_PHONE,ADDRESS_ID,CUSTOMER_CREATION_DATE,CUSTOMER_USERNAME,CUSTOMER_GENDER) values (35,'Thomas','Newman','thomas_newman@gmail.com',9526577840,944,PARSE('16-JAN-14' AS DATE USING 'en-US'),'tnewman2','M');
Insert into ONLINE_CUSTOMER (CUSTOMER_ID,CUSTOMER_FNAME,CUSTOMER_LNAME,CUSTOMER_EMAIL,CUSTOMER_PHONE,ADDRESS_ID,CUSTOMER_CREATION_DATE,CUSTOMER_USERNAME,CUSTOMER_GENDER) values (36,'Michelle','H. Shores','howard_shores@yahoo.com',8795007592,945,PARSE('24-JUN-10' AS DATE USING 'en-US'),'mshores','F');
Insert into ONLINE_CUSTOMER (CUSTOMER_ID,CUSTOMER_FNAME,CUSTOMER_LNAME,CUSTOMER_EMAIL,CUSTOMER_PHONE,ADDRESS_ID,CUSTOMER_CREATION_DATE,CUSTOMER_USERNAME,CUSTOMER_GENDER) values (37,'James','Newton Howard','james_nhoward@yahoo.com',9520246368,946,PARSE('06-JUL-12' AS DATE USING 'en-US'),'jhoward','M');
Insert into ONLINE_CUSTOMER (CUSTOMER_ID,CUSTOMER_FNAME,CUSTOMER_LNAME,CUSTOMER_EMAIL,CUSTOMER_PHONE,ADDRESS_ID,CUSTOMER_CREATION_DATE,CUSTOMER_USERNAME,CUSTOMER_GENDER) values (38,'John','Lasseter','john_lass@gmail.com',9876356288,947,PARSE('02-SEP-16' AS DATE USING 'en-US'),'jlasseter','M');
Insert into ONLINE_CUSTOMER (CUSTOMER_ID,CUSTOMER_FNAME,CUSTOMER_LNAME,CUSTOMER_EMAIL,CUSTOMER_PHONE,ADDRESS_ID,CUSTOMER_CREATION_DATE,CUSTOMER_USERNAME,CUSTOMER_GENDER) values (39,'Liz','Mullane','liz_mullane@gmail.com',7859695387,948,PARSE('29-MAR-06' AS DATE USING 'en-US'),'lmullane','F');
Insert into ONLINE_CUSTOMER (CUSTOMER_ID,CUSTOMER_FNAME,CUSTOMER_LNAME,CUSTOMER_EMAIL,CUSTOMER_PHONE,ADDRESS_ID,CUSTOMER_CREATION_DATE,CUSTOMER_USERNAME,CUSTOMER_GENDER) values (40,'Paul','Haggis','paul_haggis@gmail.com',8332681111,949,PARSE('31-AUG-16' AS DATE USING 'en-US'),'phaggis','M');
Insert into ONLINE_CUSTOMER (CUSTOMER_ID,CUSTOMER_FNAME,CUSTOMER_LNAME,CUSTOMER_EMAIL,CUSTOMER_PHONE,ADDRESS_ID,CUSTOMER_CREATION_DATE,CUSTOMER_USERNAME,CUSTOMER_GENDER) values (41,'Tharman','Shanmugaratnam','tharshan@yahoo.co.sg',8572898929,950,PARSE('20-NOV-09' AS DATE USING 'en-US'),'tshanmugaratnam','M');
Insert into ONLINE_CUSTOMER (CUSTOMER_ID,CUSTOMER_FNAME,CUSTOMER_LNAME,CUSTOMER_EMAIL,CUSTOMER_PHONE,ADDRESS_ID,CUSTOMER_CREATION_DATE,CUSTOMER_USERNAME,CUSTOMER_GENDER) values (42,'Rebecca','Lim','reblim@msn.co.sg',8272438365,951,PARSE('31-JUL-09' AS DATE USING 'en-US'),'rlim','F');
Insert into ONLINE_CUSTOMER (CUSTOMER_ID,CUSTOMER_FNAME,CUSTOMER_LNAME,CUSTOMER_EMAIL,CUSTOMER_PHONE,ADDRESS_ID,CUSTOMER_CREATION_DATE,CUSTOMER_USERNAME,CUSTOMER_GENDER) values (43,'Rajiv','Chandrasekaran','rajiv_chan@yahoo.co.in',7431699965,952,PARSE('14-APR-14' AS DATE USING 'en-US'),'rchan','M');
Insert into ONLINE_CUSTOMER (CUSTOMER_ID,CUSTOMER_FNAME,CUSTOMER_LNAME,CUSTOMER_EMAIL,CUSTOMER_PHONE,ADDRESS_ID,CUSTOMER_CREATION_DATE,CUSTOMER_USERNAME,CUSTOMER_GENDER) values (44,'Tanya','Chua','tanyac@singers.sg',5435935345,953,PARSE('14-APR-14' AS DATE USING 'en-US'),'tchua','F');
Insert into ONLINE_CUSTOMER (CUSTOMER_ID,CUSTOMER_FNAME,CUSTOMER_LNAME,CUSTOMER_EMAIL,CUSTOMER_PHONE,ADDRESS_ID,CUSTOMER_CREATION_DATE,CUSTOMER_USERNAME,CUSTOMER_GENDER) values (45,'Janvi','Rajiv','janvi_jha@msn.co.sg',8324529953,952,PARSE('14-APR-15' AS DATE USING 'en-US'),'jrajiv','F');
Insert into ONLINE_CUSTOMER (CUSTOMER_ID,CUSTOMER_FNAME,CUSTOMER_LNAME,CUSTOMER_EMAIL,CUSTOMER_PHONE,ADDRESS_ID,CUSTOMER_CREATION_DATE,CUSTOMER_USERNAME,CUSTOMER_GENDER) values (46,'Tan Bee','Soo','tanbeesoo@yahoo.co.sg',8293092259,954,PARSE('15-NOV-16' AS DATE USING 'en-US'),'tsoo','F');
Insert into ONLINE_CUSTOMER (CUSTOMER_ID,CUSTOMER_FNAME,CUSTOMER_LNAME,CUSTOMER_EMAIL,CUSTOMER_PHONE,ADDRESS_ID,CUSTOMER_CREATION_DATE,CUSTOMER_USERNAME,CUSTOMER_GENDER) values (47,'Yun','Zhu','yunzho@gmail.com',9407380992,955,PARSE('15-NOV-16' AS DATE USING 'en-US'),'yzhu','M');
Insert into ONLINE_CUSTOMER (CUSTOMER_ID,CUSTOMER_FNAME,CUSTOMER_LNAME,CUSTOMER_EMAIL,CUSTOMER_PHONE,ADDRESS_ID,CUSTOMER_CREATION_DATE,CUSTOMER_USERNAME,CUSTOMER_GENDER) values (48,'Wajdi bin Abdul','Majeed','wajdiabdul@gmail.com',9380937709,956,PARSE('25-JUN-10' AS DATE USING 'en-US'),'wabdul','M');
Insert into ONLINE_CUSTOMER (CUSTOMER_ID,CUSTOMER_FNAME,CUSTOMER_LNAME,CUSTOMER_EMAIL,CUSTOMER_PHONE,ADDRESS_ID,CUSTOMER_CREATION_DATE,CUSTOMER_USERNAME,CUSTOMER_GENDER) values (49,'Anbara binti','Mubarak','anmubarak@yahoo.co.my',7885803452,957,PARSE('27-AUG-10' AS DATE USING 'en-US'),'amubarak','F');
Insert into ONLINE_CUSTOMER (CUSTOMER_ID,CUSTOMER_FNAME,CUSTOMER_LNAME,CUSTOMER_EMAIL,CUSTOMER_PHONE,ADDRESS_ID,CUSTOMER_CREATION_DATE,CUSTOMER_USERNAME,CUSTOMER_GENDER) values (50,'Sri binti ','Yaakob','sribinti@yahoo.co.my',8193579391,958,PARSE('18-DEC-07' AS DATE USING 'en-US'),'sribinti','F');
Insert into ONLINE_CUSTOMER (CUSTOMER_ID,CUSTOMER_FNAME,CUSTOMER_LNAME,CUSTOMER_EMAIL,CUSTOMER_PHONE,ADDRESS_ID,CUSTOMER_CREATION_DATE,CUSTOMER_USERNAME,CUSTOMER_GENDER) values (51,'Ahmad Bin Gh','Azali','ahmad_bingh@yahoo.co.my',7348292313,959,PARSE('14-MAY-10' AS DATE USING 'en-US'),'abingh','M');
Insert into ONLINE_CUSTOMER (CUSTOMER_ID,CUSTOMER_FNAME,CUSTOMER_LNAME,CUSTOMER_EMAIL,CUSTOMER_PHONE,ADDRESS_ID,CUSTOMER_CREATION_DATE,CUSTOMER_USERNAME,CUSTOMER_GENDER) values (52,'Suchirithaa','Ekanayake','suchiritha@msn.com',6538525924,960,PARSE('15-NOV-16' AS DATE USING 'en-US'),'sekanayake','F');

Insert into ORDER_HEADER (ORDER_ID,CUSTOMER_ID,ORDER_DATE,ORDER_STATUS,PAYMENT_MODE,PAYMENT_DATE,ORDER_SHIPMENT_DATE,SHIPPER_ID) values (10001,1,PARSE('11-JUN-06' AS DATE USING 'en-US'),'Shipped','Credit Card',PARSE('11-JUN-06' AS DATE USING 'en-US'),PARSE('11-JUN-06' AS DATE USING 'en-US'),50001);
Insert into ORDER_HEADER (ORDER_ID,CUSTOMER_ID,ORDER_DATE,ORDER_STATUS,PAYMENT_MODE,PAYMENT_DATE,ORDER_SHIPMENT_DATE,SHIPPER_ID) values (10002,2,PARSE('13-JUN-07' AS DATE USING 'en-US'),'Shipped','Cash',PARSE('13-JUN-07' AS DATE USING 'en-US'),PARSE('13-JUN-07' AS DATE USING 'en-US'),50001);
Insert into ORDER_HEADER (ORDER_ID,CUSTOMER_ID,ORDER_DATE,ORDER_STATUS,PAYMENT_MODE,PAYMENT_DATE,ORDER_SHIPMENT_DATE,SHIPPER_ID) values (10003,5,PARSE('17-JUN-08' AS DATE USING 'en-US'),'Shipped','Cash',PARSE('17-JUN-08' AS DATE USING 'en-US'),PARSE('17-JUN-08' AS DATE USING 'en-US'),50001);
Insert into ORDER_HEADER (ORDER_ID,CUSTOMER_ID,ORDER_DATE,ORDER_STATUS,PAYMENT_MODE,PAYMENT_DATE,ORDER_SHIPMENT_DATE,SHIPPER_ID) values (10004,5,PARSE('17-APR-10' AS DATE USING 'en-US'),'Shipped','Credit Card',PARSE('17-APR-10' AS DATE USING 'en-US'),PARSE('17-APR-10' AS DATE USING 'en-US'),50001);
Insert into ORDER_HEADER (ORDER_ID,CUSTOMER_ID,ORDER_DATE,ORDER_STATUS,PAYMENT_MODE,PAYMENT_DATE,ORDER_SHIPMENT_DATE,SHIPPER_ID) values (10005,5,PARSE('18-JUL-11' AS DATE USING 'en-US'),'In process','Credit Card',PARSE('18-JUL-11' AS DATE USING 'en-US'),null,50002);
Insert into ORDER_HEADER (ORDER_ID,CUSTOMER_ID,ORDER_DATE,ORDER_STATUS,PAYMENT_MODE,PAYMENT_DATE,ORDER_SHIPMENT_DATE,SHIPPER_ID) values (10006,6,PARSE('13-MAR-09' AS DATE USING 'en-US'),'Shipped','Net Banking',PARSE('13-MAR-09' AS DATE USING 'en-US'),PARSE('15-MAR-09' AS DATE USING 'en-US'),50003);
Insert into ORDER_HEADER (ORDER_ID,CUSTOMER_ID,ORDER_DATE,ORDER_STATUS,PAYMENT_MODE,PAYMENT_DATE,ORDER_SHIPMENT_DATE,SHIPPER_ID) values (10007,3,PARSE('25-MAR-09' AS DATE USING 'en-US'),'Shipped','Cash',PARSE('25-MAR-09' AS DATE USING 'en-US'),PARSE('25-MAR-09' AS DATE USING 'en-US'),50004);
Insert into ORDER_HEADER (ORDER_ID,CUSTOMER_ID,ORDER_DATE,ORDER_STATUS,PAYMENT_MODE,PAYMENT_DATE,ORDER_SHIPMENT_DATE,SHIPPER_ID) values (10008,7,PARSE('16-APR-09' AS DATE USING 'en-US'),'Shipped','Credit Card',PARSE('16-APR-09' AS DATE USING 'en-US'),PARSE('18-APR-09' AS DATE USING 'en-US'),50002);
Insert into ORDER_HEADER (ORDER_ID,CUSTOMER_ID,ORDER_DATE,ORDER_STATUS,PAYMENT_MODE,PAYMENT_DATE,ORDER_SHIPMENT_DATE,SHIPPER_ID) values (10009,4,PARSE('18-NOV-09' AS DATE USING 'en-US'),'Shipped','Credit Card',PARSE('18-NOV-09' AS DATE USING 'en-US'),PARSE('19-NOV-09' AS DATE USING 'en-US'),50003);
Insert into ORDER_HEADER (ORDER_ID,CUSTOMER_ID,ORDER_DATE,ORDER_STATUS,PAYMENT_MODE,PAYMENT_DATE,ORDER_SHIPMENT_DATE,SHIPPER_ID) values (10010,6,PARSE('03-FEB-10' AS DATE USING 'en-US'),'Shipped','Cash',PARSE('05-FEB-10' AS DATE USING 'en-US'),PARSE('05-FEB-10' AS DATE USING 'en-US'),50004);
Insert into ORDER_HEADER (ORDER_ID,CUSTOMER_ID,ORDER_DATE,ORDER_STATUS,PAYMENT_MODE,PAYMENT_DATE,ORDER_SHIPMENT_DATE,SHIPPER_ID) values (10011,1,PARSE('19-JUL-10' AS DATE USING 'en-US'),'Shipped','Credit Card',PARSE('19-JUL-10' AS DATE USING 'en-US'),PARSE('21-JUL-10' AS DATE USING 'en-US'),50001);
Insert into ORDER_HEADER (ORDER_ID,CUSTOMER_ID,ORDER_DATE,ORDER_STATUS,PAYMENT_MODE,PAYMENT_DATE,ORDER_SHIPMENT_DATE,SHIPPER_ID) values (10012,2,PARSE('24-JAN-11' AS DATE USING 'en-US'),'Shipped','Credit Card',PARSE('24-JAN-11' AS DATE USING 'en-US'),PARSE('25-JAN-11' AS DATE USING 'en-US'),50004);
Insert into ORDER_HEADER (ORDER_ID,CUSTOMER_ID,ORDER_DATE,ORDER_STATUS,PAYMENT_MODE,PAYMENT_DATE,ORDER_SHIPMENT_DATE,SHIPPER_ID) values (10013,8,PARSE('16-AUG-11' AS DATE USING 'en-US'),'Cancelled',null,null,null,null);
Insert into ORDER_HEADER (ORDER_ID,CUSTOMER_ID,ORDER_DATE,ORDER_STATUS,PAYMENT_MODE,PAYMENT_DATE,ORDER_SHIPMENT_DATE,SHIPPER_ID) values (10014,9,PARSE('01-SEP-11' AS DATE USING 'en-US'),'Shipped','Credit Card',PARSE('01-SEP-11' AS DATE USING 'en-US'),PARSE('03-SEP-11' AS DATE USING 'en-US'),50005);
Insert into ORDER_HEADER (ORDER_ID,CUSTOMER_ID,ORDER_DATE,ORDER_STATUS,PAYMENT_MODE,PAYMENT_DATE,ORDER_SHIPMENT_DATE,SHIPPER_ID) values (10015,10,PARSE('23-OCT-11' AS DATE USING 'en-US'),'Shipped','Credit Card',PARSE('23-OCT-11' AS DATE USING 'en-US'),PARSE('25-OCT-11' AS DATE USING 'en-US'),50003);
Insert into ORDER_HEADER (ORDER_ID,CUSTOMER_ID,ORDER_DATE,ORDER_STATUS,PAYMENT_MODE,PAYMENT_DATE,ORDER_SHIPMENT_DATE,SHIPPER_ID) values (10016,8,PARSE('28-OCT-11' AS DATE USING 'en-US'),'Shipped','Cash',PARSE('29-OCT-11' AS DATE USING 'en-US'),PARSE('29-OCT-11' AS DATE USING 'en-US'),50004);
Insert into ORDER_HEADER (ORDER_ID,CUSTOMER_ID,ORDER_DATE,ORDER_STATUS,PAYMENT_MODE,PAYMENT_DATE,ORDER_SHIPMENT_DATE,SHIPPER_ID) values (10017,6,PARSE('01-NOV-11' AS DATE USING 'en-US'),'Shipped','Cash',PARSE('03-NOV-11' AS DATE USING 'en-US'),PARSE('03-NOV-11' AS DATE USING 'en-US'),50004);
Insert into ORDER_HEADER (ORDER_ID,CUSTOMER_ID,ORDER_DATE,ORDER_STATUS,PAYMENT_MODE,PAYMENT_DATE,ORDER_SHIPMENT_DATE,SHIPPER_ID) values (10018,11,PARSE('15-NOV-11' AS DATE USING 'en-US'),'Shipped','Credit Card',PARSE('15-NOV-11' AS DATE USING 'en-US'),PARSE('17-NOV-11' AS DATE USING 'en-US'),50001);
Insert into ORDER_HEADER (ORDER_ID,CUSTOMER_ID,ORDER_DATE,ORDER_STATUS,PAYMENT_MODE,PAYMENT_DATE,ORDER_SHIPMENT_DATE,SHIPPER_ID) values (10019,12,PARSE('03-DEC-11' AS DATE USING 'en-US'),'Shipped','Credit Card',PARSE('03-DEC-11' AS DATE USING 'en-US'),PARSE('05-DEC-11' AS DATE USING 'en-US'),50002);
Insert into ORDER_HEADER (ORDER_ID,CUSTOMER_ID,ORDER_DATE,ORDER_STATUS,PAYMENT_MODE,PAYMENT_DATE,ORDER_SHIPMENT_DATE,SHIPPER_ID) values (10020,18,PARSE('01-MAR-12' AS DATE USING 'en-US'),'In process','Net Banking',PARSE('01-MAR-12' AS DATE USING 'en-US'),null,50003);
Insert into ORDER_HEADER (ORDER_ID,CUSTOMER_ID,ORDER_DATE,ORDER_STATUS,PAYMENT_MODE,PAYMENT_DATE,ORDER_SHIPMENT_DATE,SHIPPER_ID) values (10021,25,PARSE('24-SEP-12' AS DATE USING 'en-US'),'Shipped','Credit Card',PARSE('26-SEP-12' AS DATE USING 'en-US'),PARSE('28-SEP-12' AS DATE USING 'en-US'),50006);
Insert into ORDER_HEADER (ORDER_ID,CUSTOMER_ID,ORDER_DATE,ORDER_STATUS,PAYMENT_MODE,PAYMENT_DATE,ORDER_SHIPMENT_DATE,SHIPPER_ID) values (10022,23,PARSE('12-FEB-13' AS DATE USING 'en-US'),'Shipped','Credit Card',PARSE('12-FEB-13' AS DATE USING 'en-US'),PARSE('14-FEB-13' AS DATE USING 'en-US'),50006);
Insert into ORDER_HEADER (ORDER_ID,CUSTOMER_ID,ORDER_DATE,ORDER_STATUS,PAYMENT_MODE,PAYMENT_DATE,ORDER_SHIPMENT_DATE,SHIPPER_ID) values (10023,36,PARSE('09-SEP-10' AS DATE USING 'en-US'),'Shipped','Credit Card',PARSE('09-SEP-10' AS DATE USING 'en-US'),PARSE('11-SEP-10' AS DATE USING 'en-US'),50002);
Insert into ORDER_HEADER (ORDER_ID,CUSTOMER_ID,ORDER_DATE,ORDER_STATUS,PAYMENT_MODE,PAYMENT_DATE,ORDER_SHIPMENT_DATE,SHIPPER_ID) values (10024,32,PARSE('05-FEB-16' AS DATE USING 'en-US'),'Shipped','Net Banking',PARSE('05-FEB-16' AS DATE USING 'en-US'),PARSE('06-FEB-16' AS DATE USING 'en-US'),50005);
Insert into ORDER_HEADER (ORDER_ID,CUSTOMER_ID,ORDER_DATE,ORDER_STATUS,PAYMENT_MODE,PAYMENT_DATE,ORDER_SHIPMENT_DATE,SHIPPER_ID) values (10025,28,PARSE('07-JAN-10' AS DATE USING 'en-US'),'Shipped','Credit Card',PARSE('09-JAN-10' AS DATE USING 'en-US'),PARSE('12-JAN-10' AS DATE USING 'en-US'),50001);
Insert into ORDER_HEADER (ORDER_ID,CUSTOMER_ID,ORDER_DATE,ORDER_STATUS,PAYMENT_MODE,PAYMENT_DATE,ORDER_SHIPMENT_DATE,SHIPPER_ID) values (10026,21,PARSE('03-APR-16' AS DATE USING 'en-US'),'In process','Net Banking',PARSE('05-APR-16' AS DATE USING 'en-US'),null,null);
Insert into ORDER_HEADER (ORDER_ID,CUSTOMER_ID,ORDER_DATE,ORDER_STATUS,PAYMENT_MODE,PAYMENT_DATE,ORDER_SHIPMENT_DATE,SHIPPER_ID) values (10027,23,PARSE('01-MAR-13' AS DATE USING 'en-US'),'Shipped','Credit Card',PARSE('02-MAR-13' AS DATE USING 'en-US'),PARSE('05-MAR-13' AS DATE USING 'en-US'),50001);
Insert into ORDER_HEADER (ORDER_ID,CUSTOMER_ID,ORDER_DATE,ORDER_STATUS,PAYMENT_MODE,PAYMENT_DATE,ORDER_SHIPMENT_DATE,SHIPPER_ID) values (10028,23,PARSE('05-MAR-13' AS DATE USING 'en-US'),'In process','Credit Card',PARSE('06-MAR-13' AS DATE USING 'en-US'),null,null);
Insert into ORDER_HEADER (ORDER_ID,CUSTOMER_ID,ORDER_DATE,ORDER_STATUS,PAYMENT_MODE,PAYMENT_DATE,ORDER_SHIPMENT_DATE,SHIPPER_ID) values (10029,25,PARSE('21-SEP-12' AS DATE USING 'en-US'),'Shipped','Credit Card',PARSE('23-SEP-12' AS DATE USING 'en-US'),PARSE('25-SEP-12' AS DATE USING 'en-US'),50003);
Insert into ORDER_HEADER (ORDER_ID,CUSTOMER_ID,ORDER_DATE,ORDER_STATUS,PAYMENT_MODE,PAYMENT_DATE,ORDER_SHIPMENT_DATE,SHIPPER_ID) values (10030,52,PARSE('12-DEC-16' AS DATE USING 'en-US'),'Shipped','Credit Card',PARSE('14-DEC-16' AS DATE USING 'en-US'),PARSE('15-DEC-16' AS DATE USING 'en-US'),50006);
Insert into ORDER_HEADER (ORDER_ID,CUSTOMER_ID,ORDER_DATE,ORDER_STATUS,PAYMENT_MODE,PAYMENT_DATE,ORDER_SHIPMENT_DATE,SHIPPER_ID) values (10031,33,PARSE('02-FEB-15' AS DATE USING 'en-US'),'Cancelled',null,null,null,null);
Insert into ORDER_HEADER (ORDER_ID,CUSTOMER_ID,ORDER_DATE,ORDER_STATUS,PAYMENT_MODE,PAYMENT_DATE,ORDER_SHIPMENT_DATE,SHIPPER_ID) values (10032,7,PARSE('27-JUN-17' AS DATE USING 'en-US'),'Shipped','Credit Card',PARSE('27-JUN-07' AS DATE USING 'en-US'),PARSE('29-JUN-07' AS DATE USING 'en-US'),50003);
Insert into ORDER_HEADER (ORDER_ID,CUSTOMER_ID,ORDER_DATE,ORDER_STATUS,PAYMENT_MODE,PAYMENT_DATE,ORDER_SHIPMENT_DATE,SHIPPER_ID) values (10033,28,PARSE('01-DEC-11' AS DATE USING 'en-US'),'Shipped','Credit Card',PARSE('02-DEC-09' AS DATE USING 'en-US'),PARSE('04-DEC-09' AS DATE USING 'en-US'),50002);
Insert into ORDER_HEADER (ORDER_ID,CUSTOMER_ID,ORDER_DATE,ORDER_STATUS,PAYMENT_MODE,PAYMENT_DATE,ORDER_SHIPMENT_DATE,SHIPPER_ID) values (10034,19,PARSE('09-APR-12' AS DATE USING 'en-US'),'Shipped','Credit Card',PARSE('11-APR-12' AS DATE USING 'en-US'),PARSE('13-APR-12' AS DATE USING 'en-US'),50001);
Insert into ORDER_HEADER (ORDER_ID,CUSTOMER_ID,ORDER_DATE,ORDER_STATUS,PAYMENT_MODE,PAYMENT_DATE,ORDER_SHIPMENT_DATE,SHIPPER_ID) values (10035,24,PARSE('07-APR-10' AS DATE USING 'en-US'),'Shipped','Net Banking',PARSE('08-APR-10' AS DATE USING 'en-US'),PARSE('10-APR-10' AS DATE USING 'en-US'),50004);
Insert into ORDER_HEADER (ORDER_ID,CUSTOMER_ID,ORDER_DATE,ORDER_STATUS,PAYMENT_MODE,PAYMENT_DATE,ORDER_SHIPMENT_DATE,SHIPPER_ID) values (10036,24,PARSE('26-JAN-10' AS DATE USING 'en-US'),'Shipped','Cash',PARSE('27-JAN-10' AS DATE USING 'en-US'),PARSE('28-JAN-10' AS DATE USING 'en-US'),50001);
Insert into ORDER_HEADER (ORDER_ID,CUSTOMER_ID,ORDER_DATE,ORDER_STATUS,PAYMENT_MODE,PAYMENT_DATE,ORDER_SHIPMENT_DATE,SHIPPER_ID) values (10037,2,PARSE('24-JUN-11' AS DATE USING 'en-US'),'Shipped','Cash',PARSE('26-JUN-01' AS DATE USING 'en-US'),PARSE('27-JUN-01' AS DATE USING 'en-US'),50005);
Insert into ORDER_HEADER (ORDER_ID,CUSTOMER_ID,ORDER_DATE,ORDER_STATUS,PAYMENT_MODE,PAYMENT_DATE,ORDER_SHIPMENT_DATE,SHIPPER_ID) values (10038,46,PARSE('09-JAN-17' AS DATE USING 'en-US'),'Shipped','Net Banking',PARSE('10-JAN-17' AS DATE USING 'en-US'),PARSE('13-JAN-17' AS DATE USING 'en-US'),50005);
Insert into ORDER_HEADER (ORDER_ID,CUSTOMER_ID,ORDER_DATE,ORDER_STATUS,PAYMENT_MODE,PAYMENT_DATE,ORDER_SHIPMENT_DATE,SHIPPER_ID) values (10039,14,PARSE('01-MAR-12' AS DATE USING 'en-US'),'Shipped','Net Banking',PARSE('03-MAR-12' AS DATE USING 'en-US'),PARSE('06-MAR-12' AS DATE USING 'en-US'),50005);
Insert into ORDER_HEADER (ORDER_ID,CUSTOMER_ID,ORDER_DATE,ORDER_STATUS,PAYMENT_MODE,PAYMENT_DATE,ORDER_SHIPMENT_DATE,SHIPPER_ID) values (10040,3,PARSE('01-AUG-12' AS DATE USING 'en-US'),'Shipped','Credit Card',PARSE('02-AUG-02' AS DATE USING 'en-US'),PARSE('05-AUG-02' AS DATE USING 'en-US'),50005);
Insert into ORDER_HEADER (ORDER_ID,CUSTOMER_ID,ORDER_DATE,ORDER_STATUS,PAYMENT_MODE,PAYMENT_DATE,ORDER_SHIPMENT_DATE,SHIPPER_ID) values (10041,51,PARSE('11-JUN-10' AS DATE USING 'en-US'),'Cancelled',null,null,null,null);
Insert into ORDER_HEADER (ORDER_ID,CUSTOMER_ID,ORDER_DATE,ORDER_STATUS,PAYMENT_MODE,PAYMENT_DATE,ORDER_SHIPMENT_DATE,SHIPPER_ID) values (10042,26,PARSE('24-MAR-10' AS DATE USING 'en-US'),'Shipped','Credit Card',PARSE('26-MAR-10' AS DATE USING 'en-US'),PARSE('29-MAR-10' AS DATE USING 'en-US'),50004);
Insert into ORDER_HEADER (ORDER_ID,CUSTOMER_ID,ORDER_DATE,ORDER_STATUS,PAYMENT_MODE,PAYMENT_DATE,ORDER_SHIPMENT_DATE,SHIPPER_ID) values (10043,17,PARSE('13-APR-12' AS DATE USING 'en-US'),'Shipped','Net Banking',PARSE('14-APR-12' AS DATE USING 'en-US'),PARSE('16-APR-12' AS DATE USING 'en-US'),50002);
Insert into ORDER_HEADER (ORDER_ID,CUSTOMER_ID,ORDER_DATE,ORDER_STATUS,PAYMENT_MODE,PAYMENT_DATE,ORDER_SHIPMENT_DATE,SHIPPER_ID) values (10044,39,PARSE('04-JUN-16' AS DATE USING 'en-US'),'In process','Net Banking',PARSE('04-JUN-06' AS DATE USING 'en-US'),null,null);
Insert into ORDER_HEADER (ORDER_ID,CUSTOMER_ID,ORDER_DATE,ORDER_STATUS,PAYMENT_MODE,PAYMENT_DATE,ORDER_SHIPMENT_DATE,SHIPPER_ID) values (10045,34,PARSE('31-DEC-15' AS DATE USING 'en-US'),'In process','Credit Card',PARSE('02-JAN-16' AS DATE USING 'en-US'),null,null);
Insert into ORDER_HEADER (ORDER_ID,CUSTOMER_ID,ORDER_DATE,ORDER_STATUS,PAYMENT_MODE,PAYMENT_DATE,ORDER_SHIPMENT_DATE,SHIPPER_ID) values (10046,3,PARSE('11-SEP-12' AS DATE USING 'en-US'),'Shipped','Net Banking',PARSE('13-SEP-02' AS DATE USING 'en-US'),PARSE('16-SEP-02' AS DATE USING 'en-US'),50002);
Insert into ORDER_HEADER (ORDER_ID,CUSTOMER_ID,ORDER_DATE,ORDER_STATUS,PAYMENT_MODE,PAYMENT_DATE,ORDER_SHIPMENT_DATE,SHIPPER_ID) values (10047,24,PARSE('18-FEB-10' AS DATE USING 'en-US'),'Shipped','Net Banking',PARSE('18-FEB-10' AS DATE USING 'en-US'),PARSE('19-FEB-10' AS DATE USING 'en-US'),50005);
Insert into ORDER_HEADER (ORDER_ID,CUSTOMER_ID,ORDER_DATE,ORDER_STATUS,PAYMENT_MODE,PAYMENT_DATE,ORDER_SHIPMENT_DATE,SHIPPER_ID) values (10048,33,PARSE('02-FEB-15' AS DATE USING 'en-US'),'Shipped','Cash',PARSE('03-FEB-15' AS DATE USING 'en-US'),PARSE('05-FEB-15' AS DATE USING 'en-US'),50002);
Insert into ORDER_HEADER (ORDER_ID,CUSTOMER_ID,ORDER_DATE,ORDER_STATUS,PAYMENT_MODE,PAYMENT_DATE,ORDER_SHIPMENT_DATE,SHIPPER_ID) values (10049,33,PARSE('04-FEB-15' AS DATE USING 'en-US'),'In process','Credit Card',PARSE('05-FEB-15' AS DATE USING 'en-US'),null,null);
Insert into ORDER_HEADER (ORDER_ID,CUSTOMER_ID,ORDER_DATE,ORDER_STATUS,PAYMENT_MODE,PAYMENT_DATE,ORDER_SHIPMENT_DATE,SHIPPER_ID) values (10050,1,PARSE('15-JUL-15' AS DATE USING 'en-US'),'In process','Net Banking',PARSE('16-JUL-91' AS DATE USING 'en-US'),null,null);
Insert into ORDER_HEADER (ORDER_ID,CUSTOMER_ID,ORDER_DATE,ORDER_STATUS,PAYMENT_MODE,PAYMENT_DATE,ORDER_SHIPMENT_DATE,SHIPPER_ID) values (10051,43,PARSE('23-MAY-14' AS DATE USING 'en-US'),'Shipped','Credit Card',PARSE('24-MAY-14' AS DATE USING 'en-US'),PARSE('26-MAY-14' AS DATE USING 'en-US'),50006);
Insert into ORDER_HEADER (ORDER_ID,CUSTOMER_ID,ORDER_DATE,ORDER_STATUS,PAYMENT_MODE,PAYMENT_DATE,ORDER_SHIPMENT_DATE,SHIPPER_ID) values (10052,17,PARSE('04-MAY-12' AS DATE USING 'en-US'),'In process',null,null,null,null);
Insert into ORDER_HEADER (ORDER_ID,CUSTOMER_ID,ORDER_DATE,ORDER_STATUS,PAYMENT_MODE,PAYMENT_DATE,ORDER_SHIPMENT_DATE,SHIPPER_ID) values (10053,40,PARSE('26-DEC-16' AS DATE USING 'en-US'),'Shipped','Credit Card',PARSE('26-DEC-16' AS DATE USING 'en-US'),PARSE('29-DEC-16' AS DATE USING 'en-US'),50005);
Insert into ORDER_HEADER (ORDER_ID,CUSTOMER_ID,ORDER_DATE,ORDER_STATUS,PAYMENT_MODE,PAYMENT_DATE,ORDER_SHIPMENT_DATE,SHIPPER_ID) values (10054,19,PARSE('25-JUN-12' AS DATE USING 'en-US'),'Shipped','Credit Card',PARSE('26-JUN-12' AS DATE USING 'en-US'),PARSE('29-JUN-12' AS DATE USING 'en-US'),50004);
Insert into ORDER_HEADER (ORDER_ID,CUSTOMER_ID,ORDER_DATE,ORDER_STATUS,PAYMENT_MODE,PAYMENT_DATE,ORDER_SHIPMENT_DATE,SHIPPER_ID) values (10055,25,PARSE('19-SEP-12' AS DATE USING 'en-US'),'Shipped','Credit Card',PARSE('21-SEP-12' AS DATE USING 'en-US'),PARSE('23-SEP-12' AS DATE USING 'en-US'),50006);
Insert into ORDER_HEADER (ORDER_ID,CUSTOMER_ID,ORDER_DATE,ORDER_STATUS,PAYMENT_MODE,PAYMENT_DATE,ORDER_SHIPMENT_DATE,SHIPPER_ID) values (10056,11,PARSE('12-FEB-12' AS DATE USING 'en-US'),'Shipped','Credit Card',PARSE('13-FEB-12' AS DATE USING 'en-US'),PARSE('15-FEB-12' AS DATE USING 'en-US'),50004);
Insert into ORDER_HEADER (ORDER_ID,CUSTOMER_ID,ORDER_DATE,ORDER_STATUS,PAYMENT_MODE,PAYMENT_DATE,ORDER_SHIPMENT_DATE,SHIPPER_ID) values (10057,11,PARSE('07-DEC-11' AS DATE USING 'en-US'),'Shipped','Cash',PARSE('07-DEC-11' AS DATE USING 'en-US'),PARSE('10-DEC-11' AS DATE USING 'en-US'),50005);
Insert into ORDER_HEADER (ORDER_ID,CUSTOMER_ID,ORDER_DATE,ORDER_STATUS,PAYMENT_MODE,PAYMENT_DATE,ORDER_SHIPMENT_DATE,SHIPPER_ID) values (10058,28,PARSE('20-DEC-17' AS DATE USING 'en-US'),'In process',null,null,null,null);
Insert into ORDER_HEADER (ORDER_ID,CUSTOMER_ID,ORDER_DATE,ORDER_STATUS,PAYMENT_MODE,PAYMENT_DATE,ORDER_SHIPMENT_DATE,SHIPPER_ID) values (10059,30,PARSE('01-AUG-11' AS DATE USING 'en-US'),'Shipped','Net Banking',PARSE('02-AUG-91' AS DATE USING 'en-US'),PARSE('05-AUG-91' AS DATE USING 'en-US'),50001);
Insert into ORDER_HEADER (ORDER_ID,CUSTOMER_ID,ORDER_DATE,ORDER_STATUS,PAYMENT_MODE,PAYMENT_DATE,ORDER_SHIPMENT_DATE,SHIPPER_ID) values (10060,50,PARSE('13-MAR-13' AS DATE USING 'en-US'),'Shipped','Credit Card',PARSE('14-MAR-13' AS DATE USING 'en-US'),PARSE('15-MAR-13' AS DATE USING 'en-US'),50005);
Insert into ORDER_HEADER (ORDER_ID,CUSTOMER_ID,ORDER_DATE,ORDER_STATUS,PAYMENT_MODE,PAYMENT_DATE,ORDER_SHIPMENT_DATE,SHIPPER_ID) values (10061,37,PARSE('03-AUG-12' AS DATE USING 'en-US'),'Shipped','Credit Card',PARSE('03-AUG-12' AS DATE USING 'en-US'),PARSE('05-AUG-12' AS DATE USING 'en-US'),50001);
Insert into ORDER_HEADER (ORDER_ID,CUSTOMER_ID,ORDER_DATE,ORDER_STATUS,PAYMENT_MODE,PAYMENT_DATE,ORDER_SHIPMENT_DATE,SHIPPER_ID) values (10062,34,PARSE('04-DEC-15' AS DATE USING 'en-US'),'Cancelled',null,null,null,null);
Insert into ORDER_HEADER (ORDER_ID,CUSTOMER_ID,ORDER_DATE,ORDER_STATUS,PAYMENT_MODE,PAYMENT_DATE,ORDER_SHIPMENT_DATE,SHIPPER_ID) values (10063,18,PARSE('21-MAR-12' AS DATE USING 'en-US'),'Shipped','Credit Card',PARSE('23-MAR-12' AS DATE USING 'en-US'),PARSE('25-MAR-12' AS DATE USING 'en-US'),50001);
Insert into ORDER_HEADER (ORDER_ID,CUSTOMER_ID,ORDER_DATE,ORDER_STATUS,PAYMENT_MODE,PAYMENT_DATE,ORDER_SHIPMENT_DATE,SHIPPER_ID) values (10064,35,PARSE('21-MAR-14' AS DATE USING 'en-US'),'Shipped','Credit Card',PARSE('21-MAR-14' AS DATE USING 'en-US'),PARSE('22-MAR-14' AS DATE USING 'en-US'),50004);
Insert into ORDER_HEADER (ORDER_ID,CUSTOMER_ID,ORDER_DATE,ORDER_STATUS,PAYMENT_MODE,PAYMENT_DATE,ORDER_SHIPMENT_DATE,SHIPPER_ID) values (10065,17,PARSE('08-MAR-12' AS DATE USING 'en-US'),'In process','Net Banking',PARSE('08-MAR-12' AS DATE USING 'en-US'),null,null);
Insert into ORDER_HEADER (ORDER_ID,CUSTOMER_ID,ORDER_DATE,ORDER_STATUS,PAYMENT_MODE,PAYMENT_DATE,ORDER_SHIPMENT_DATE,SHIPPER_ID) values (10066,41,PARSE('21-DEC-17' AS DATE USING 'en-US'),'Cancelled',null,null,null,null);
Insert into ORDER_HEADER (ORDER_ID,CUSTOMER_ID,ORDER_DATE,ORDER_STATUS,PAYMENT_MODE,PAYMENT_DATE,ORDER_SHIPMENT_DATE,SHIPPER_ID) values (10067,6,PARSE('17-MAY-16' AS DATE USING 'en-US'),'In process','Credit Card',PARSE('18-MAY-06' AS DATE USING 'en-US'),null,null);
Insert into ORDER_HEADER (ORDER_ID,CUSTOMER_ID,ORDER_DATE,ORDER_STATUS,PAYMENT_MODE,PAYMENT_DATE,ORDER_SHIPMENT_DATE,SHIPPER_ID) values (10068,51,PARSE('11-JUL-10' AS DATE USING 'en-US'),'Shipped','Credit Card',PARSE('12-JUL-10' AS DATE USING 'en-US'),PARSE('14-JUL-10' AS DATE USING 'en-US'),50004);
Insert into ORDER_HEADER (ORDER_ID,CUSTOMER_ID,ORDER_DATE,ORDER_STATUS,PAYMENT_MODE,PAYMENT_DATE,ORDER_SHIPMENT_DATE,SHIPPER_ID) values (10069,23,PARSE('03-MAR-13' AS DATE USING 'en-US'),'Shipped','Net Banking',PARSE('03-MAR-13' AS DATE USING 'en-US'),PARSE('05-MAR-13' AS DATE USING 'en-US'),50002);
Insert into ORDER_HEADER (ORDER_ID,CUSTOMER_ID,ORDER_DATE,ORDER_STATUS,PAYMENT_MODE,PAYMENT_DATE,ORDER_SHIPMENT_DATE,SHIPPER_ID) values (10070,10,PARSE('05-NOV-11' AS DATE USING 'en-US'),'Shipped','Net Banking',PARSE('05-NOV-11' AS DATE USING 'en-US'),PARSE('07-NOV-11' AS DATE USING 'en-US'),50001);

Insert into ORDER_ITEMS (ORDER_ID,PRODUCT_ID,PRODUCT_QUANTITY) values (10001,205,3);
Insert into ORDER_ITEMS (ORDER_ID,PRODUCT_ID,PRODUCT_QUANTITY) values (10001,201,1);
Insert into ORDER_ITEMS (ORDER_ID,PRODUCT_ID,PRODUCT_QUANTITY) values (10001,212,1);
Insert into ORDER_ITEMS (ORDER_ID,PRODUCT_ID,PRODUCT_QUANTITY) values (10001,244,1);
Insert into ORDER_ITEMS (ORDER_ID,PRODUCT_ID,PRODUCT_QUANTITY) values (10002,238,4);
Insert into ORDER_ITEMS (ORDER_ID,PRODUCT_ID,PRODUCT_QUANTITY) values (10002,235,5);
Insert into ORDER_ITEMS (ORDER_ID,PRODUCT_ID,PRODUCT_QUANTITY) values (10002,241,2);
Insert into ORDER_ITEMS (ORDER_ID,PRODUCT_ID,PRODUCT_QUANTITY) values (10002,212,1);
Insert into ORDER_ITEMS (ORDER_ID,PRODUCT_ID,PRODUCT_QUANTITY) values (10002,206,2);
Insert into ORDER_ITEMS (ORDER_ID,PRODUCT_ID,PRODUCT_QUANTITY) values (10002,208,2);
Insert into ORDER_ITEMS (ORDER_ID,PRODUCT_ID,PRODUCT_QUANTITY) values (10003,202,1);
Insert into ORDER_ITEMS (ORDER_ID,PRODUCT_ID,PRODUCT_QUANTITY) values (10003,203,1);
Insert into ORDER_ITEMS (ORDER_ID,PRODUCT_ID,PRODUCT_QUANTITY) values (10003,215,5);
Insert into ORDER_ITEMS (ORDER_ID,PRODUCT_ID,PRODUCT_QUANTITY) values (10003,224,1);
Insert into ORDER_ITEMS (ORDER_ID,PRODUCT_ID,PRODUCT_QUANTITY) values (10003,225,1);
Insert into ORDER_ITEMS (ORDER_ID,PRODUCT_ID,PRODUCT_QUANTITY) values (10003,231,2);
Insert into ORDER_ITEMS (ORDER_ID,PRODUCT_ID,PRODUCT_QUANTITY) values (10003,234,1);
Insert into ORDER_ITEMS (ORDER_ID,PRODUCT_ID,PRODUCT_QUANTITY) values (10004,217,1);
Insert into ORDER_ITEMS (ORDER_ID,PRODUCT_ID,PRODUCT_QUANTITY) values (10004,222,1);
Insert into ORDER_ITEMS (ORDER_ID,PRODUCT_ID,PRODUCT_QUANTITY) values (10004,223,1);
Insert into ORDER_ITEMS (ORDER_ID,PRODUCT_ID,PRODUCT_QUANTITY) values (10004,220,1);
Insert into ORDER_ITEMS (ORDER_ID,PRODUCT_ID,PRODUCT_QUANTITY) values (10004,219,2);
Insert into ORDER_ITEMS (ORDER_ID,PRODUCT_ID,PRODUCT_QUANTITY) values (10005,204,2);
Insert into ORDER_ITEMS (ORDER_ID,PRODUCT_ID,PRODUCT_QUANTITY) values (10005,206,1);
Insert into ORDER_ITEMS (ORDER_ID,PRODUCT_ID,PRODUCT_QUANTITY) values (10005,207,2);
Insert into ORDER_ITEMS (ORDER_ID,PRODUCT_ID,PRODUCT_QUANTITY) values (10005,209,5);
Insert into ORDER_ITEMS (ORDER_ID,PRODUCT_ID,PRODUCT_QUANTITY) values (10005,210,5);
Insert into ORDER_ITEMS (ORDER_ID,PRODUCT_ID,PRODUCT_QUANTITY) values (10005,218,10);
Insert into ORDER_ITEMS (ORDER_ID,PRODUCT_ID,PRODUCT_QUANTITY) values (10006,211,1);
Insert into ORDER_ITEMS (ORDER_ID,PRODUCT_ID,PRODUCT_QUANTITY) values (10006,212,1);
Insert into ORDER_ITEMS (ORDER_ID,PRODUCT_ID,PRODUCT_QUANTITY) values (10006,242,2);
Insert into ORDER_ITEMS (ORDER_ID,PRODUCT_ID,PRODUCT_QUANTITY) values (10006,238,2);
Insert into ORDER_ITEMS (ORDER_ID,PRODUCT_ID,PRODUCT_QUANTITY) values (10006,232,1);
Insert into ORDER_ITEMS (ORDER_ID,PRODUCT_ID,PRODUCT_QUANTITY) values (10006,228,3);
Insert into ORDER_ITEMS (ORDER_ID,PRODUCT_ID,PRODUCT_QUANTITY) values (10006,236,5);
Insert into ORDER_ITEMS (ORDER_ID,PRODUCT_ID,PRODUCT_QUANTITY) values (10007,213,20);
Insert into ORDER_ITEMS (ORDER_ID,PRODUCT_ID,PRODUCT_QUANTITY) values (10007,214,25);
Insert into ORDER_ITEMS (ORDER_ID,PRODUCT_ID,PRODUCT_QUANTITY) values (10007,218,2);
Insert into ORDER_ITEMS (ORDER_ID,PRODUCT_ID,PRODUCT_QUANTITY) values (10007,216,1);
Insert into ORDER_ITEMS (ORDER_ID,PRODUCT_ID,PRODUCT_QUANTITY) values (10007,236,3);
Insert into ORDER_ITEMS (ORDER_ID,PRODUCT_ID,PRODUCT_QUANTITY) values (10007,240,2);
Insert into ORDER_ITEMS (ORDER_ID,PRODUCT_ID,PRODUCT_QUANTITY) values (10008,226,5);
Insert into ORDER_ITEMS (ORDER_ID,PRODUCT_ID,PRODUCT_QUANTITY) values (10008,227,2);
Insert into ORDER_ITEMS (ORDER_ID,PRODUCT_ID,PRODUCT_QUANTITY) values (10008,235,10);
Insert into ORDER_ITEMS (ORDER_ID,PRODUCT_ID,PRODUCT_QUANTITY) values (10008,240,8);
Insert into ORDER_ITEMS (ORDER_ID,PRODUCT_ID,PRODUCT_QUANTITY) values (10009,229,1);
Insert into ORDER_ITEMS (ORDER_ID,PRODUCT_ID,PRODUCT_QUANTITY) values (10009,201,1);
Insert into ORDER_ITEMS (ORDER_ID,PRODUCT_ID,PRODUCT_QUANTITY) values (10009,221,1);
Insert into ORDER_ITEMS (ORDER_ID,PRODUCT_ID,PRODUCT_QUANTITY) values (10010,244,4);
Insert into ORDER_ITEMS (ORDER_ID,PRODUCT_ID,PRODUCT_QUANTITY) values (10010,211,1);
Insert into ORDER_ITEMS (ORDER_ID,PRODUCT_ID,PRODUCT_QUANTITY) values (10010,202,1);
Insert into ORDER_ITEMS (ORDER_ID,PRODUCT_ID,PRODUCT_QUANTITY) values (10010,209,2);
Insert into ORDER_ITEMS (ORDER_ID,PRODUCT_ID,PRODUCT_QUANTITY) values (10010,225,1);
Insert into ORDER_ITEMS (ORDER_ID,PRODUCT_ID,PRODUCT_QUANTITY) values (10010,231,1);
Insert into ORDER_ITEMS (ORDER_ID,PRODUCT_ID,PRODUCT_QUANTITY) values (10010,233,1);
Insert into ORDER_ITEMS (ORDER_ID,PRODUCT_ID,PRODUCT_QUANTITY) values (10011,211,1);
Insert into ORDER_ITEMS (ORDER_ID,PRODUCT_ID,PRODUCT_QUANTITY) values (10011,212,2);
Insert into ORDER_ITEMS (ORDER_ID,PRODUCT_ID,PRODUCT_QUANTITY) values (10011,222,1);
Insert into ORDER_ITEMS (ORDER_ID,PRODUCT_ID,PRODUCT_QUANTITY) values (10012,201,1);
Insert into ORDER_ITEMS (ORDER_ID,PRODUCT_ID,PRODUCT_QUANTITY) values (10012,204,2);
Insert into ORDER_ITEMS (ORDER_ID,PRODUCT_ID,PRODUCT_QUANTITY) values (10012,207,2);
Insert into ORDER_ITEMS (ORDER_ID,PRODUCT_ID,PRODUCT_QUANTITY) values (10012,210,3);
Insert into ORDER_ITEMS (ORDER_ID,PRODUCT_ID,PRODUCT_QUANTITY) values (10012,218,10);
Insert into ORDER_ITEMS (ORDER_ID,PRODUCT_ID,PRODUCT_QUANTITY) values (10012,219,5);
Insert into ORDER_ITEMS (ORDER_ID,PRODUCT_ID,PRODUCT_QUANTITY) values (10023,208,1);
Insert into ORDER_ITEMS (ORDER_ID,PRODUCT_ID,PRODUCT_QUANTITY) values (10026,211,1);
Insert into ORDER_ITEMS (ORDER_ID,PRODUCT_ID,PRODUCT_QUANTITY) values (10027,219,2);
Insert into ORDER_ITEMS (ORDER_ID,PRODUCT_ID,PRODUCT_QUANTITY) values (10023,206,2);
Insert into ORDER_ITEMS (ORDER_ID,PRODUCT_ID,PRODUCT_QUANTITY) values (10044,206,2);
Insert into ORDER_ITEMS (ORDER_ID,PRODUCT_ID,PRODUCT_QUANTITY) values (10014,216,2);
Insert into ORDER_ITEMS (ORDER_ID,PRODUCT_ID,PRODUCT_QUANTITY) values (10014,214,1);
Insert into ORDER_ITEMS (ORDER_ID,PRODUCT_ID,PRODUCT_QUANTITY) values (10014,212,1);
Insert into ORDER_ITEMS (ORDER_ID,PRODUCT_ID,PRODUCT_QUANTITY) values (10014,207,2);
Insert into ORDER_ITEMS (ORDER_ID,PRODUCT_ID,PRODUCT_QUANTITY) values (10014,201,1);
Insert into ORDER_ITEMS (ORDER_ID,PRODUCT_ID,PRODUCT_QUANTITY) values (10014,202,1);
Insert into ORDER_ITEMS (ORDER_ID,PRODUCT_ID,PRODUCT_QUANTITY) values (10015,228,1);
Insert into ORDER_ITEMS (ORDER_ID,PRODUCT_ID,PRODUCT_QUANTITY) values (10015,240,5);
Insert into ORDER_ITEMS (ORDER_ID,PRODUCT_ID,PRODUCT_QUANTITY) values (10015,242,2);
Insert into ORDER_ITEMS (ORDER_ID,PRODUCT_ID,PRODUCT_QUANTITY) values (10015,244,4);
Insert into ORDER_ITEMS (ORDER_ID,PRODUCT_ID,PRODUCT_QUANTITY) values (10015,243,1);
Insert into ORDER_ITEMS (ORDER_ID,PRODUCT_ID,PRODUCT_QUANTITY) values (10016,210,2);
Insert into ORDER_ITEMS (ORDER_ID,PRODUCT_ID,PRODUCT_QUANTITY) values (10016,209,1);
Insert into ORDER_ITEMS (ORDER_ID,PRODUCT_ID,PRODUCT_QUANTITY) values (10016,206,1);
Insert into ORDER_ITEMS (ORDER_ID,PRODUCT_ID,PRODUCT_QUANTITY) values (10016,227,1);
Insert into ORDER_ITEMS (ORDER_ID,PRODUCT_ID,PRODUCT_QUANTITY) values (10016,234,1);
Insert into ORDER_ITEMS (ORDER_ID,PRODUCT_ID,PRODUCT_QUANTITY) values (10016,233,1);
Insert into ORDER_ITEMS (ORDER_ID,PRODUCT_ID,PRODUCT_QUANTITY) values (10016,228,2);
Insert into ORDER_ITEMS (ORDER_ID,PRODUCT_ID,PRODUCT_QUANTITY) values (10017,220,2);
Insert into ORDER_ITEMS (ORDER_ID,PRODUCT_ID,PRODUCT_QUANTITY) values (10017,236,5);
Insert into ORDER_ITEMS (ORDER_ID,PRODUCT_ID,PRODUCT_QUANTITY) values (10017,240,5);
Insert into ORDER_ITEMS (ORDER_ID,PRODUCT_ID,PRODUCT_QUANTITY) values (10017,216,2);
Insert into ORDER_ITEMS (ORDER_ID,PRODUCT_ID,PRODUCT_QUANTITY) values (10018,223,1);
Insert into ORDER_ITEMS (ORDER_ID,PRODUCT_ID,PRODUCT_QUANTITY) values (10018,231,1);
Insert into ORDER_ITEMS (ORDER_ID,PRODUCT_ID,PRODUCT_QUANTITY) values (10018,244,6);
Insert into ORDER_ITEMS (ORDER_ID,PRODUCT_ID,PRODUCT_QUANTITY) values (10018,218,15);
Insert into ORDER_ITEMS (ORDER_ID,PRODUCT_ID,PRODUCT_QUANTITY) values (10018,235,15);
Insert into ORDER_ITEMS (ORDER_ID,PRODUCT_ID,PRODUCT_QUANTITY) values (10018,226,1);
Insert into ORDER_ITEMS (ORDER_ID,PRODUCT_ID,PRODUCT_QUANTITY) values (10018,225,1);
Insert into ORDER_ITEMS (ORDER_ID,PRODUCT_ID,PRODUCT_QUANTITY) values (10019,207,2);
Insert into ORDER_ITEMS (ORDER_ID,PRODUCT_ID,PRODUCT_QUANTITY) values (10019,224,1);
Insert into ORDER_ITEMS (ORDER_ID,PRODUCT_ID,PRODUCT_QUANTITY) values (10019,227,1);
Insert into ORDER_ITEMS (ORDER_ID,PRODUCT_ID,PRODUCT_QUANTITY) values (10019,212,1);
Insert into ORDER_ITEMS (ORDER_ID,PRODUCT_ID,PRODUCT_QUANTITY) values (10060,237,2);
Insert into ORDER_ITEMS (ORDER_ID,PRODUCT_ID,PRODUCT_QUANTITY) values (10019,202,1);
Insert into ORDER_ITEMS (ORDER_ID,PRODUCT_ID,PRODUCT_QUANTITY) values (10020,201,1);
Insert into ORDER_ITEMS (ORDER_ID,PRODUCT_ID,PRODUCT_QUANTITY) values (10020,243,2);
Insert into ORDER_ITEMS (ORDER_ID,PRODUCT_ID,PRODUCT_QUANTITY) values (10020,218,20);
Insert into ORDER_ITEMS (ORDER_ID,PRODUCT_ID,PRODUCT_QUANTITY) values (10020,219,4);
Insert into ORDER_ITEMS (ORDER_ID,PRODUCT_ID,PRODUCT_QUANTITY) values (10020,206,2);
Insert into ORDER_ITEMS (ORDER_ID,PRODUCT_ID,PRODUCT_QUANTITY) values (10020,204,2);
Insert into ORDER_ITEMS (ORDER_ID,PRODUCT_ID,PRODUCT_QUANTITY) values (10020,203,1);
Insert into ORDER_ITEMS (ORDER_ID,PRODUCT_ID,PRODUCT_QUANTITY) values (10020,221,1);
Insert into ORDER_ITEMS (ORDER_ID,PRODUCT_ID,PRODUCT_QUANTITY) values (10020,233,3);
Insert into ORDER_ITEMS (ORDER_ID,PRODUCT_ID,PRODUCT_QUANTITY) values (10060,238,1);
Insert into ORDER_ITEMS (ORDER_ID,PRODUCT_ID,PRODUCT_QUANTITY) values (10032,248,1);
Insert into ORDER_ITEMS (ORDER_ID,PRODUCT_ID,PRODUCT_QUANTITY) values (10032,247,1);
Insert into ORDER_ITEMS (ORDER_ID,PRODUCT_ID,PRODUCT_QUANTITY) values (10028,246,1);
Insert into ORDER_ITEMS (ORDER_ID,PRODUCT_ID,PRODUCT_QUANTITY) values (10029,246,1);
Insert into ORDER_ITEMS (ORDER_ID,PRODUCT_ID,PRODUCT_QUANTITY) values (10064,246,1);
Insert into ORDER_ITEMS (ORDER_ID,PRODUCT_ID,PRODUCT_QUANTITY) values (10021,212,1);
Insert into ORDER_ITEMS (ORDER_ID,PRODUCT_ID,PRODUCT_QUANTITY) values (10021,227,1);
Insert into ORDER_ITEMS (ORDER_ID,PRODUCT_ID,PRODUCT_QUANTITY) values (10021,231,1);
Insert into ORDER_ITEMS (ORDER_ID,PRODUCT_ID,PRODUCT_QUANTITY) values (10021,235,5);
Insert into ORDER_ITEMS (ORDER_ID,PRODUCT_ID,PRODUCT_QUANTITY) values (10022,202,1);
Insert into ORDER_ITEMS (ORDER_ID,PRODUCT_ID,PRODUCT_QUANTITY) values (10022,241,1);
Insert into ORDER_ITEMS (ORDER_ID,PRODUCT_ID,PRODUCT_QUANTITY) values (10023,207,1);
Insert into ORDER_ITEMS (ORDER_ID,PRODUCT_ID,PRODUCT_QUANTITY) values (10024,216,1);
Insert into ORDER_ITEMS (ORDER_ID,PRODUCT_ID,PRODUCT_QUANTITY) values (10024,201,1);
Insert into ORDER_ITEMS (ORDER_ID,PRODUCT_ID,PRODUCT_QUANTITY) values (10025,206,2);
Insert into ORDER_ITEMS (ORDER_ID,PRODUCT_ID,PRODUCT_QUANTITY) values (10025,219,3);
Insert into ORDER_ITEMS (ORDER_ID,PRODUCT_ID,PRODUCT_QUANTITY) values (10026,221,1);
Insert into ORDER_ITEMS (ORDER_ID,PRODUCT_ID,PRODUCT_QUANTITY) values (10027,217,1);
Insert into ORDER_ITEMS (ORDER_ID,PRODUCT_ID,PRODUCT_QUANTITY) values (10028,207,1);
Insert into ORDER_ITEMS (ORDER_ID,PRODUCT_ID,PRODUCT_QUANTITY) values (10029,204,1);
Insert into ORDER_ITEMS (ORDER_ID,PRODUCT_ID,PRODUCT_QUANTITY) values (10030,233,2);
Insert into ORDER_ITEMS (ORDER_ID,PRODUCT_ID,PRODUCT_QUANTITY) values (10032,219,2);
Insert into ORDER_ITEMS (ORDER_ID,PRODUCT_ID,PRODUCT_QUANTITY) values (10032,214,1);
Insert into ORDER_ITEMS (ORDER_ID,PRODUCT_ID,PRODUCT_QUANTITY) values (10032,233,2);
Insert into ORDER_ITEMS (ORDER_ID,PRODUCT_ID,PRODUCT_QUANTITY) values (10033,232,1);
Insert into ORDER_ITEMS (ORDER_ID,PRODUCT_ID,PRODUCT_QUANTITY) values (10033,236,5);
Insert into ORDER_ITEMS (ORDER_ID,PRODUCT_ID,PRODUCT_QUANTITY) values (10034,227,1);
Insert into ORDER_ITEMS (ORDER_ID,PRODUCT_ID,PRODUCT_QUANTITY) values (10034,232,1);
Insert into ORDER_ITEMS (ORDER_ID,PRODUCT_ID,PRODUCT_QUANTITY) values (10035,242,2);
Insert into ORDER_ITEMS (ORDER_ID,PRODUCT_ID,PRODUCT_QUANTITY) values (10035,222,1);
Insert into ORDER_ITEMS (ORDER_ID,PRODUCT_ID,PRODUCT_QUANTITY) values (10035,243,1);
Insert into ORDER_ITEMS (ORDER_ID,PRODUCT_ID,PRODUCT_QUANTITY) values (10036,235,2);
Insert into ORDER_ITEMS (ORDER_ID,PRODUCT_ID,PRODUCT_QUANTITY) values (10036,236,1);
Insert into ORDER_ITEMS (ORDER_ID,PRODUCT_ID,PRODUCT_QUANTITY) values (10036,216,1);
Insert into ORDER_ITEMS (ORDER_ID,PRODUCT_ID,PRODUCT_QUANTITY) values (10037,238,1);
Insert into ORDER_ITEMS (ORDER_ID,PRODUCT_ID,PRODUCT_QUANTITY) values (10037,245,1);
Insert into ORDER_ITEMS (ORDER_ID,PRODUCT_ID,PRODUCT_QUANTITY) values (10038,215,1);
Insert into ORDER_ITEMS (ORDER_ID,PRODUCT_ID,PRODUCT_QUANTITY) values (10038,240,5);
Insert into ORDER_ITEMS (ORDER_ID,PRODUCT_ID,PRODUCT_QUANTITY) values (10038,243,1);
Insert into ORDER_ITEMS (ORDER_ID,PRODUCT_ID,PRODUCT_QUANTITY) values (10039,211,1);
Insert into ORDER_ITEMS (ORDER_ID,PRODUCT_ID,PRODUCT_QUANTITY) values (10040,215,1);
Insert into ORDER_ITEMS (ORDER_ID,PRODUCT_ID,PRODUCT_QUANTITY) values (10040,234,1);
Insert into ORDER_ITEMS (ORDER_ID,PRODUCT_ID,PRODUCT_QUANTITY) values (10042,209,1);
Insert into ORDER_ITEMS (ORDER_ID,PRODUCT_ID,PRODUCT_QUANTITY) values (10042,228,1);
Insert into ORDER_ITEMS (ORDER_ID,PRODUCT_ID,PRODUCT_QUANTITY) values (10044,208,1);
Insert into ORDER_ITEMS (ORDER_ID,PRODUCT_ID,PRODUCT_QUANTITY) values (10046,212,1);
Insert into ORDER_ITEMS (ORDER_ID,PRODUCT_ID,PRODUCT_QUANTITY) values (10047,203,1);
Insert into ORDER_ITEMS (ORDER_ID,PRODUCT_ID,PRODUCT_QUANTITY) values (10047,215,1);
Insert into ORDER_ITEMS (ORDER_ID,PRODUCT_ID,PRODUCT_QUANTITY) values (10048,207,1);
Insert into ORDER_ITEMS (ORDER_ID,PRODUCT_ID,PRODUCT_QUANTITY) values (10049,245,1);
Insert into ORDER_ITEMS (ORDER_ID,PRODUCT_ID,PRODUCT_QUANTITY) values (10049,202,1);
Insert into ORDER_ITEMS (ORDER_ID,PRODUCT_ID,PRODUCT_QUANTITY) values (10050,223,1);
Insert into ORDER_ITEMS (ORDER_ID,PRODUCT_ID,PRODUCT_QUANTITY) values (10050,233,2);
Insert into ORDER_ITEMS (ORDER_ID,PRODUCT_ID,PRODUCT_QUANTITY) values (10050,204,1);
Insert into ORDER_ITEMS (ORDER_ID,PRODUCT_ID,PRODUCT_QUANTITY) values (10054,205,2);
Insert into ORDER_ITEMS (ORDER_ID,PRODUCT_ID,PRODUCT_QUANTITY) values (10054,231,1);
Insert into ORDER_ITEMS (ORDER_ID,PRODUCT_ID,PRODUCT_QUANTITY) values (10057,204,1);
Insert into ORDER_ITEMS (ORDER_ID,PRODUCT_ID,PRODUCT_QUANTITY) values (10058,229,1);
Insert into ORDER_ITEMS (ORDER_ID,PRODUCT_ID,PRODUCT_QUANTITY) values (10058,209,1);
Insert into ORDER_ITEMS (ORDER_ID,PRODUCT_ID,PRODUCT_QUANTITY) values (10059,221,1);
Insert into ORDER_ITEMS (ORDER_ID,PRODUCT_ID,PRODUCT_QUANTITY) values (10045,237,1);
Insert into ORDER_ITEMS (ORDER_ID,PRODUCT_ID,PRODUCT_QUANTITY) values (10063,232,1);
Insert into ORDER_ITEMS (ORDER_ID,PRODUCT_ID,PRODUCT_QUANTITY) values (10060,233,1);
Insert into ORDER_ITEMS (ORDER_ID,PRODUCT_ID,PRODUCT_QUANTITY) values (10061,215,1);
Insert into ORDER_ITEMS (ORDER_ID,PRODUCT_ID,PRODUCT_QUANTITY) values (10064,209,2);
Insert into ORDER_ITEMS (ORDER_ID,PRODUCT_ID,PRODUCT_QUANTITY) values (10067,206,1);
Insert into ORDER_ITEMS (ORDER_ID,PRODUCT_ID,PRODUCT_QUANTITY) values (10067,234,1);
Insert into ORDER_ITEMS (ORDER_ID,PRODUCT_ID,PRODUCT_QUANTITY) values (10068,205,2);
Insert into ORDER_ITEMS (ORDER_ID,PRODUCT_ID,PRODUCT_QUANTITY) values (10068,242,1);
Insert into ORDER_ITEMS (ORDER_ID,PRODUCT_ID,PRODUCT_QUANTITY) values (10069,204,1);
Insert into ORDER_ITEMS (ORDER_ID,PRODUCT_ID,PRODUCT_QUANTITY) values (10069,236,2);
Insert into ORDER_ITEMS (ORDER_ID,PRODUCT_ID,PRODUCT_QUANTITY) values (10069,238,1);
Insert into ORDER_ITEMS (ORDER_ID,PRODUCT_ID,PRODUCT_QUANTITY) values (10043,218,10);
Insert into ORDER_ITEMS (ORDER_ID,PRODUCT_ID,PRODUCT_QUANTITY) values (10043,240,2);
Insert into ORDER_ITEMS (ORDER_ID,PRODUCT_ID,PRODUCT_QUANTITY) values (10045,245,1);
Insert into ORDER_ITEMS (ORDER_ID,PRODUCT_ID,PRODUCT_QUANTITY) values (10045,241,10);
Insert into ORDER_ITEMS (ORDER_ID,PRODUCT_ID,PRODUCT_QUANTITY) values (10045,244,1);
Insert into ORDER_ITEMS (ORDER_ID,PRODUCT_ID,PRODUCT_QUANTITY) values (10051,241,5);
Insert into ORDER_ITEMS (ORDER_ID,PRODUCT_ID,PRODUCT_QUANTITY) values (10051,226,1);
Insert into ORDER_ITEMS (ORDER_ID,PRODUCT_ID,PRODUCT_QUANTITY) values (10052,227,1);
Insert into ORDER_ITEMS (ORDER_ID,PRODUCT_ID,PRODUCT_QUANTITY) values (10053,223,1);
Insert into ORDER_ITEMS (ORDER_ID,PRODUCT_ID,PRODUCT_QUANTITY) values (10055,220,1);
Insert into ORDER_ITEMS (ORDER_ID,PRODUCT_ID,PRODUCT_QUANTITY) values (10055,233,1);
Insert into ORDER_ITEMS (ORDER_ID,PRODUCT_ID,PRODUCT_QUANTITY) values (10056,219,2);
Insert into ORDER_ITEMS (ORDER_ID,PRODUCT_ID,PRODUCT_QUANTITY) values (10063,239,5);
Insert into ORDER_ITEMS (ORDER_ID,PRODUCT_ID,PRODUCT_QUANTITY) values (10063,231,1);
Insert into ORDER_ITEMS (ORDER_ID,PRODUCT_ID,PRODUCT_QUANTITY) values (10063,213,1);
Insert into ORDER_ITEMS (ORDER_ID,PRODUCT_ID,PRODUCT_QUANTITY) values (10065,235,3);
Insert into ORDER_ITEMS (ORDER_ID,PRODUCT_ID,PRODUCT_QUANTITY) values (10065,220,1);
Insert into ORDER_ITEMS (ORDER_ID,PRODUCT_ID,PRODUCT_QUANTITY) values (10070,238,1);
Insert into ORDER_ITEMS (ORDER_ID,PRODUCT_ID,PRODUCT_QUANTITY) values (10070,240,2);

Insert into PRODUCT (PRODUCT_ID,PRODUCT_DESC,PRODUCT_CLASS_CODE,PRODUCT_PRICE,PRODUCT_QUANTITY_AVAIL,LEN,WIDTH,HEIGHT,WEIGHT) values (99999,'Samsung Galaxy Tab 2 P3100',3000,19300,50,122,194,10,0.345);
Insert into PRODUCT (PRODUCT_ID,PRODUCT_DESC,PRODUCT_CLASS_CODE,PRODUCT_PRICE,PRODUCT_QUANTITY_AVAIL,LEN,WIDTH,HEIGHT,WEIGHT) values (99998,'Nikon Coolpix L810 Bridge',3000,14987,50,111,76,83,0.43);
Insert into PRODUCT (PRODUCT_ID,PRODUCT_DESC,PRODUCT_CLASS_CODE,PRODUCT_PRICE,PRODUCT_QUANTITY_AVAIL,LEN,WIDTH,HEIGHT,WEIGHT) values (99997,'Sony Xperia U (Black White)',3000,16499,50,54,112,12,0.11);
Insert into PRODUCT (PRODUCT_ID,PRODUCT_DESC,PRODUCT_CLASS_CODE,PRODUCT_PRICE,PRODUCT_QUANTITY_AVAIL,LEN,WIDTH,HEIGHT,WEIGHT) values (99994,'HP Deskjet 2050 All-in-One - J510a Printer',3001,3749,100,249,427,406,3.6);
Insert into PRODUCT (PRODUCT_ID,PRODUCT_DESC,PRODUCT_CLASS_CODE,PRODUCT_PRICE,PRODUCT_QUANTITY_AVAIL,LEN,WIDTH,HEIGHT,WEIGHT) values (99995,'LG MS-2049UW Solo Microwave',3001,4800,100,455,252,320,5.6);
Insert into PRODUCT (PRODUCT_ID,PRODUCT_DESC,PRODUCT_CLASS_CODE,PRODUCT_PRICE,PRODUCT_QUANTITY_AVAIL,LEN,WIDTH,HEIGHT,WEIGHT) values (99996,'Nokia Asha 200 (Graphite)',3001,4070,100,61,115,14,0.105);
Insert into PRODUCT (PRODUCT_ID,PRODUCT_DESC,PRODUCT_CLASS_CODE,PRODUCT_PRICE,PRODUCT_QUANTITY_AVAIL,LEN,WIDTH,HEIGHT,WEIGHT) values (99991,'Dell Targus Synergy 2.0 Backpack',3002,999,250,450,250,50,0.5);
Insert into PRODUCT (PRODUCT_ID,PRODUCT_DESC,PRODUCT_CLASS_CODE,PRODUCT_PRICE,PRODUCT_QUANTITY_AVAIL,LEN,WIDTH,HEIGHT,WEIGHT) values (99992,'Tom Clancy''s Ghost Recon: Future Soldier (PC Game)',3002,999,250,150,200,10,0.1);
Insert into PRODUCT (PRODUCT_ID,PRODUCT_DESC,PRODUCT_CLASS_CODE,PRODUCT_PRICE,PRODUCT_QUANTITY_AVAIL,LEN,WIDTH,HEIGHT,WEIGHT) values (99993,'Nokia 1280 (Black)',3002,999,250,45,107,15,0.082);
Insert into PRODUCT (PRODUCT_ID,PRODUCT_DESC,PRODUCT_CLASS_CODE,PRODUCT_PRICE,PRODUCT_QUANTITY_AVAIL,LEN,WIDTH,HEIGHT,WEIGHT) values (201,'Sky LED 102 CM TV',2050,35000,30,905,750,700,15);
Insert into PRODUCT (PRODUCT_ID,PRODUCT_DESC,PRODUCT_CLASS_CODE,PRODUCT_PRICE,PRODUCT_QUANTITY_AVAIL,LEN,WIDTH,HEIGHT,WEIGHT) values (202,'Sams 192 L4 Single-door Refrigerator',2050,28000,15,1802,750,750,25);
Insert into PRODUCT (PRODUCT_ID,PRODUCT_DESC,PRODUCT_CLASS_CODE,PRODUCT_PRICE,PRODUCT_QUANTITY_AVAIL,LEN,WIDTH,HEIGHT,WEIGHT) values (203,'Jocky Speaker Music System HT32',2050,8900,19,908,300,300,5);
Insert into PRODUCT (PRODUCT_ID,PRODUCT_DESC,PRODUCT_CLASS_CODE,PRODUCT_PRICE,PRODUCT_QUANTITY_AVAIL,LEN,WIDTH,HEIGHT,WEIGHT) values (204,'Cricket Set for Boys',2051,4500,10,890,300,200,18);
Insert into PRODUCT (PRODUCT_ID,PRODUCT_DESC,PRODUCT_CLASS_CODE,PRODUCT_PRICE,PRODUCT_QUANTITY_AVAIL,LEN,WIDTH,HEIGHT,WEIGHT) values (205,'Infant Sleepwear Blue',2052,250,50,596,300,100,0.25);
Insert into PRODUCT (PRODUCT_ID,PRODUCT_DESC,PRODUCT_CLASS_CODE,PRODUCT_PRICE,PRODUCT_QUANTITY_AVAIL,LEN,WIDTH,HEIGHT,WEIGHT) values (206,'Barbie Fab Gown Doll',2051,1000,20,305,150,75,0.15);
Insert into PRODUCT (PRODUCT_ID,PRODUCT_DESC,PRODUCT_CLASS_CODE,PRODUCT_PRICE,PRODUCT_QUANTITY_AVAIL,LEN,WIDTH,HEIGHT,WEIGHT) values (207,'Remote Control Car',2051,2900,29,200,150,50,0.225);
Insert into PRODUCT (PRODUCT_ID,PRODUCT_DESC,PRODUCT_CLASS_CODE,PRODUCT_PRICE,PRODUCT_QUANTITY_AVAIL,LEN,WIDTH,HEIGHT,WEIGHT) values (208,'Doll House',2051,3000,12,600,455,375,0.9);
Insert into PRODUCT (PRODUCT_ID,PRODUCT_DESC,PRODUCT_CLASS_CODE,PRODUCT_PRICE,PRODUCT_QUANTITY_AVAIL,LEN,WIDTH,HEIGHT,WEIGHT) values (209,'Blue Jeans 34',2052,800,100,450,310,52,1.1);
Insert into PRODUCT (PRODUCT_ID,PRODUCT_DESC,PRODUCT_CLASS_CODE,PRODUCT_PRICE,PRODUCT_QUANTITY_AVAIL,LEN,WIDTH,HEIGHT,WEIGHT) values (210,'Blossoms Lehenga Choli set',2052,3000,100,600,315,54,0.25);
Insert into PRODUCT (PRODUCT_ID,PRODUCT_DESC,PRODUCT_CLASS_CODE,PRODUCT_PRICE,PRODUCT_QUANTITY_AVAIL,LEN,WIDTH,HEIGHT,WEIGHT) values (211,'OnePlus 6 Smart Phone',2055,32500,25,100,65,15,0.55);
Insert into PRODUCT (PRODUCT_ID,PRODUCT_DESC,PRODUCT_CLASS_CODE,PRODUCT_PRICE,PRODUCT_QUANTITY_AVAIL,LEN,WIDTH,HEIGHT,WEIGHT) values (212,'Samsung Galaxy On6',2055,14000,20,120,70,18,0.65);
Insert into PRODUCT (PRODUCT_ID,PRODUCT_DESC,PRODUCT_CLASS_CODE,PRODUCT_PRICE,PRODUCT_QUANTITY_AVAIL,LEN,WIDTH,HEIGHT,WEIGHT) values (213,'Alchemist',2054,150,50,200,100,20,0.235);
Insert into PRODUCT (PRODUCT_ID,PRODUCT_DESC,PRODUCT_CLASS_CODE,PRODUCT_PRICE,PRODUCT_QUANTITY_AVAIL,LEN,WIDTH,HEIGHT,WEIGHT) values (214,'Harry Potter',2054,250,50,210,100,50,0.345);
Insert into PRODUCT (PRODUCT_ID,PRODUCT_DESC,PRODUCT_CLASS_CODE,PRODUCT_PRICE,PRODUCT_QUANTITY_AVAIL,LEN,WIDTH,HEIGHT,WEIGHT) values (215,'Logtech M244 Optical Mouse',2053,450,10,125,85,45,0.105);
Insert into PRODUCT (PRODUCT_ID,PRODUCT_DESC,PRODUCT_CLASS_CODE,PRODUCT_PRICE,PRODUCT_QUANTITY_AVAIL,LEN,WIDTH,HEIGHT,WEIGHT) values (216,'External Hard Disk 500 GB',2053,3500,10,275,285,85,0.525);
Insert into PRODUCT (PRODUCT_ID,PRODUCT_DESC,PRODUCT_CLASS_CODE,PRODUCT_PRICE,PRODUCT_QUANTITY_AVAIL,LEN,WIDTH,HEIGHT,WEIGHT) values (217,'Titan Karishma Watch',2057,3497,35,220,55,24,0.103);
Insert into PRODUCT (PRODUCT_ID,PRODUCT_DESC,PRODUCT_CLASS_CODE,PRODUCT_PRICE,PRODUCT_QUANTITY_AVAIL,LEN,WIDTH,HEIGHT,WEIGHT) values (218,'Shell Fingertip Ball Pen',2056,25,150,170,12,170,0.05);
Insert into PRODUCT (PRODUCT_ID,PRODUCT_DESC,PRODUCT_CLASS_CODE,PRODUCT_PRICE,PRODUCT_QUANTITY_AVAIL,LEN,WIDTH,HEIGHT,WEIGHT) values (219,'Ruf-n-Tuf Black PU Leather Belt',2052,350,50,700,45,4,0.155);
Insert into PRODUCT (PRODUCT_ID,PRODUCT_DESC,PRODUCT_CLASS_CODE,PRODUCT_PRICE,PRODUCT_QUANTITY_AVAIL,LEN,WIDTH,HEIGHT,WEIGHT) values (220,'Hello Kitti Lunch Bag',2059,199,15,455,300,225,0.5);
Insert into PRODUCT (PRODUCT_ID,PRODUCT_DESC,PRODUCT_CLASS_CODE,PRODUCT_PRICE,PRODUCT_QUANTITY_AVAIL,LEN,WIDTH,HEIGHT,WEIGHT) values (221,'Cybershot DWC-W325 Camera',2050,5300,5,100,55,40,0.05);
Insert into PRODUCT (PRODUCT_ID,PRODUCT_DESC,PRODUCT_CLASS_CODE,PRODUCT_PRICE,PRODUCT_QUANTITY_AVAIL,LEN,WIDTH,HEIGHT,WEIGHT) values (222,'KitchAsst Siphon Coffee Maker 500 ml',2060,1790,10,150,100,200,1.2);
Insert into PRODUCT (PRODUCT_ID,PRODUCT_DESC,PRODUCT_CLASS_CODE,PRODUCT_PRICE,PRODUCT_QUANTITY_AVAIL,LEN,WIDTH,HEIGHT,WEIGHT) values (223,'Sams 21L Microwave Oven',2060,6880,5,500,400,300,8);
Insert into PRODUCT (PRODUCT_ID,PRODUCT_DESC,PRODUCT_CLASS_CODE,PRODUCT_PRICE,PRODUCT_QUANTITY_AVAIL,LEN,WIDTH,HEIGHT,WEIGHT) values (224,'Phils HL 7430 Mixer Grinder 750W',2060,2265,3,375,400,355,3);
Insert into PRODUCT (PRODUCT_ID,PRODUCT_DESC,PRODUCT_CLASS_CODE,PRODUCT_PRICE,PRODUCT_QUANTITY_AVAIL,LEN,WIDTH,HEIGHT,WEIGHT) values (225,'Solmo Non-stick Sandwich Maker 750 W',2060,1625,10,150,175,70,0.75);
Insert into PRODUCT (PRODUCT_ID,PRODUCT_DESC,PRODUCT_CLASS_CODE,PRODUCT_PRICE,PRODUCT_QUANTITY_AVAIL,LEN,WIDTH,HEIGHT,WEIGHT) values (226,'Solmo Hand Blender Fibre',2060,1415,12,220,100,220,0.56);
Insert into PRODUCT (PRODUCT_ID,PRODUCT_DESC,PRODUCT_CLASS_CODE,PRODUCT_PRICE,PRODUCT_QUANTITY_AVAIL,LEN,WIDTH,HEIGHT,WEIGHT) values (227,'Phils Wah Collection Juicer JM12',2060,2029,2,400,450,425,4);
Insert into PRODUCT (PRODUCT_ID,PRODUCT_DESC,PRODUCT_CLASS_CODE,PRODUCT_PRICE,PRODUCT_QUANTITY_AVAIL,LEN,WIDTH,HEIGHT,WEIGHT) values (228,'Adidas Analog Watch',2057,2295,10,225,60,28,0.115);
Insert into PRODUCT (PRODUCT_ID,PRODUCT_DESC,PRODUCT_CLASS_CODE,PRODUCT_PRICE,PRODUCT_QUANTITY_AVAIL,LEN,WIDTH,HEIGHT,WEIGHT) values (229,'Disney Analog Watch',2057,1600,10,225,60,28,0.115);
Insert into PRODUCT (PRODUCT_ID,PRODUCT_DESC,PRODUCT_CLASS_CODE,PRODUCT_PRICE,PRODUCT_QUANTITY_AVAIL,LEN,WIDTH,HEIGHT,WEIGHT) values (230,'Esprit Analog Watch',2057,3495,5,225,60,28,0.115);
Insert into PRODUCT (PRODUCT_ID,PRODUCT_DESC,PRODUCT_CLASS_CODE,PRODUCT_PRICE,PRODUCT_QUANTITY_AVAIL,LEN,WIDTH,HEIGHT,WEIGHT) values (231,'HP ODC Laptop Bag 15.5',2059,3390,10,550,400,210,0.255);
Insert into PRODUCT (PRODUCT_ID,PRODUCT_DESC,PRODUCT_CLASS_CODE,PRODUCT_PRICE,PRODUCT_QUANTITY_AVAIL,LEN,WIDTH,HEIGHT,WEIGHT) values (232,'Women Hand Bag',2059,1600,15,250,220,170,0.175);
Insert into PRODUCT (PRODUCT_ID,PRODUCT_DESC,PRODUCT_CLASS_CODE,PRODUCT_PRICE,PRODUCT_QUANTITY_AVAIL,LEN,WIDTH,HEIGHT,WEIGHT) values (233,'HP ODC School Bag 2.5''',2059,799,35,600,450,275,0.355);
Insert into PRODUCT (PRODUCT_ID,PRODUCT_DESC,PRODUCT_CLASS_CODE,PRODUCT_PRICE,PRODUCT_QUANTITY_AVAIL,LEN,WIDTH,HEIGHT,WEIGHT) values (234,'FLUFF Tote Travel Bag 35LTR',2059,3290,8,900,800,600,4);
Insert into PRODUCT (PRODUCT_ID,PRODUCT_DESC,PRODUCT_CLASS_CODE,PRODUCT_PRICE,PRODUCT_QUANTITY_AVAIL,LEN,WIDTH,HEIGHT,WEIGHT) values (236,'Solo Exam SB-01 Writing Pad',2056,350,30,400,300,5,0.55);
Insert into PRODUCT (PRODUCT_ID,PRODUCT_DESC,PRODUCT_CLASS_CODE,PRODUCT_PRICE,PRODUCT_QUANTITY_AVAIL,LEN,WIDTH,HEIGHT,WEIGHT) values (238,'Kasyo DJ-2100 Desktop Calculator',2056,338,10,150,120,120,0.55);
Insert into PRODUCT (PRODUCT_ID,PRODUCT_DESC,PRODUCT_CLASS_CODE,PRODUCT_PRICE,PRODUCT_QUANTITY_AVAIL,LEN,WIDTH,HEIGHT,WEIGHT) values (239,'TRANS 2D A4 Size Box File',2056,120,6,350,300,100,0.315);
Insert into PRODUCT (PRODUCT_ID,PRODUCT_DESC,PRODUCT_CLASS_CODE,PRODUCT_PRICE,PRODUCT_QUANTITY_AVAIL,LEN,WIDTH,HEIGHT,WEIGHT) values (240,'4M Post It Pad 3.5',2056,35,8,80,80,150,0.12);
Insert into PRODUCT (PRODUCT_ID,PRODUCT_DESC,PRODUCT_CLASS_CODE,PRODUCT_PRICE,PRODUCT_QUANTITY_AVAIL,LEN,WIDTH,HEIGHT,WEIGHT) values (242,'GreenWud CT-NO-PR Coffee Table',2058,3500,6,1250,550,700,50);
Insert into PRODUCT (PRODUCT_ID,PRODUCT_DESC,PRODUCT_CLASS_CODE,PRODUCT_PRICE,PRODUCT_QUANTITY_AVAIL,LEN,WIDTH,HEIGHT,WEIGHT) values (243,'Supreme Fusion Cupboard 02TB',2058,3000,3,1200,350,900,60);
Insert into PRODUCT (PRODUCT_ID,PRODUCT_DESC,PRODUCT_CLASS_CODE,PRODUCT_PRICE,PRODUCT_QUANTITY_AVAIL,LEN,WIDTH,HEIGHT,WEIGHT) values (244,'Foldable Premium Chair',2058,4000,6,75,70,90,20);
Insert into PRODUCT (PRODUCT_ID,PRODUCT_DESC,PRODUCT_CLASS_CODE,PRODUCT_PRICE,PRODUCT_QUANTITY_AVAIL,LEN,WIDTH,HEIGHT,WEIGHT) values (245,'GreenWud Nova Pedestal Unit',2058,2500,5,400,400,600,25);
Insert into PRODUCT (PRODUCT_ID,PRODUCT_DESC,PRODUCT_CLASS_CODE,PRODUCT_PRICE,PRODUCT_QUANTITY_AVAIL,LEN,WIDTH,HEIGHT,WEIGHT) values (235,'Cindy HMPOC Pencil Box (Multicolor)',2056,80,10,250,50,15,0.45);
Insert into PRODUCT (PRODUCT_ID,PRODUCT_DESC,PRODUCT_CLASS_CODE,PRODUCT_PRICE,PRODUCT_QUANTITY_AVAIL,LEN,WIDTH,HEIGHT,WEIGHT) values (237,'Zamark Color Pencil Art Set',2056,100,10,120,90,20,0.35);
Insert into PRODUCT (PRODUCT_ID,PRODUCT_DESC,PRODUCT_CLASS_CODE,PRODUCT_PRICE,PRODUCT_QUANTITY_AVAIL,LEN,WIDTH,HEIGHT,WEIGHT) values (241,'PK Copier A4 75 GSM White Paper Ream',2056,285,2,297,210,null,null);
Insert into PRODUCT (PRODUCT_ID,PRODUCT_DESC,PRODUCT_CLASS_CODE,PRODUCT_PRICE,PRODUCT_QUANTITY_AVAIL,LEN,WIDTH,HEIGHT,WEIGHT) values (246,'Exam Warriors',2054,100,50,200,160,15,0.1);
Insert into PRODUCT (PRODUCT_ID,PRODUCT_DESC,PRODUCT_CLASS_CODE,PRODUCT_PRICE,PRODUCT_QUANTITY_AVAIL,LEN,WIDTH,HEIGHT,WEIGHT) values (247,'Small Is Beautiful',2054,140,40,180,100,15,0.1);
Insert into PRODUCT (PRODUCT_ID,PRODUCT_DESC,PRODUCT_CLASS_CODE,PRODUCT_PRICE,PRODUCT_QUANTITY_AVAIL,LEN,WIDTH,HEIGHT,WEIGHT) values (248,'To Kill a Mocking Bird',2054,210,35,190,150,20,0.15);
Insert into PRODUCT (PRODUCT_ID,PRODUCT_DESC,PRODUCT_CLASS_CODE,PRODUCT_PRICE,PRODUCT_QUANTITY_AVAIL,LEN,WIDTH,HEIGHT,WEIGHT) values (249,'All-in-one Board Game',2051,450,20,750,320,90,0.5);
Insert into PRODUCT (PRODUCT_ID,PRODUCT_DESC,PRODUCT_CLASS_CODE,PRODUCT_PRICE,PRODUCT_QUANTITY_AVAIL,LEN,WIDTH,HEIGHT,WEIGHT) values (250,'Huwi Wi-Fi Receiver 500Mbps',2053,287,30,100,95,30,0.1);
Insert into PRODUCT (PRODUCT_ID,PRODUCT_DESC,PRODUCT_CLASS_CODE,PRODUCT_PRICE,PRODUCT_QUANTITY_AVAIL,LEN,WIDTH,HEIGHT,WEIGHT) values (99990,'Quanta 4 Port USB Hub',3000,500,50,180,125,30,0.05);

Insert into PRODUCT_CLASS (PRODUCT_CLASS_CODE,PRODUCT_CLASS_DESC) values (3001,'Promotion-Medium Value');
Insert into PRODUCT_CLASS (PRODUCT_CLASS_CODE,PRODUCT_CLASS_DESC) values (3002,'Promotion-Low Value');
Insert into PRODUCT_CLASS (PRODUCT_CLASS_CODE,PRODUCT_CLASS_DESC) values (2050,'Electronics');
Insert into PRODUCT_CLASS (PRODUCT_CLASS_CODE,PRODUCT_CLASS_DESC) values (2051,'Toys');
Insert into PRODUCT_CLASS (PRODUCT_CLASS_CODE,PRODUCT_CLASS_DESC) values (2052,'Clothes');
Insert into PRODUCT_CLASS (PRODUCT_CLASS_CODE,PRODUCT_CLASS_DESC) values (2053,'Computer');
Insert into PRODUCT_CLASS (PRODUCT_CLASS_CODE,PRODUCT_CLASS_DESC) values (2054,'Books');
Insert into PRODUCT_CLASS (PRODUCT_CLASS_CODE,PRODUCT_CLASS_DESC) values (2055,'Mobiles');
Insert into PRODUCT_CLASS (PRODUCT_CLASS_CODE,PRODUCT_CLASS_DESC) values (2056,'Stationery');
Insert into PRODUCT_CLASS (PRODUCT_CLASS_CODE,PRODUCT_CLASS_DESC) values (2057,'Watches');
Insert into PRODUCT_CLASS (PRODUCT_CLASS_CODE,PRODUCT_CLASS_DESC) values (2058,'Furnitures');
Insert into PRODUCT_CLASS (PRODUCT_CLASS_CODE,PRODUCT_CLASS_DESC) values (2059,'Bags');
Insert into PRODUCT_CLASS (PRODUCT_CLASS_CODE,PRODUCT_CLASS_DESC) values (2060,'Kitchen Items');
Insert into PRODUCT_CLASS (PRODUCT_CLASS_CODE,PRODUCT_CLASS_DESC) values (3000,'Promotion-High Value');

Insert into SHIPPER (SHIPPER_ID,SHIPPER_NAME,SHIPPER_PHONE,SHIPPER_ADDRESS) values (50001,'DHL',9456756761,1000);
Insert into SHIPPER (SHIPPER_ID,SHIPPER_NAME,SHIPPER_PHONE,SHIPPER_ADDRESS) values (50002,'Blue Dart',9456756777,1001);
Insert into SHIPPER (SHIPPER_ID,SHIPPER_NAME,SHIPPER_PHONE,SHIPPER_ADDRESS) values (50003,'DTDC',9845967834,1002);
Insert into SHIPPER (SHIPPER_ID,SHIPPER_NAME,SHIPPER_PHONE,SHIPPER_ADDRESS) values (50004,'Flipkart',9785985621,1003);
Insert into SHIPPER (SHIPPER_ID,SHIPPER_NAME,SHIPPER_PHONE,SHIPPER_ADDRESS) values (50005,'Professional',9343978654,1004);
Insert into SHIPPER (SHIPPER_ID,SHIPPER_NAME,SHIPPER_PHONE,SHIPPER_ADDRESS) values (50006,'FedEx',8925349243,1005);

  select * from  ORDER_ITEMS;
  select * from CARTON;
  select * from ORDER_HEADER;
  select * from  ONLINE_CUSTOMER;
  select * from  SHIPPER;
  select * from  ADDRESS;
  select * from  PRODUCT;
  select * from  PRODUCT_CLASS;
  -- 1. WRITE A QUERY TO DISPLAY CUSTOMER FULL NAME WITH THEIR TITLE (MR/MS), BOTH FIRST NAME AND LAST NAME ARE IN UPPER CASE WITH 
-- CUSTOMER EMAIL ID, CUSTOMER CREATIONDATE AND DISPLAY CUSTOMER’S CATEGORY AFTER APPLYING BELOW CATEGORIZATION RULES:
	-- i.IF CUSTOMER CREATION DATE YEAR <2005 THEN CATEGORY A
    -- ii.IF CUSTOMER CREATION DATE YEAR >=2005 AND <2011 THEN CATEGORY B
    -- iii.IF CUSTOMER CREATION DATE YEAR>= 2011 THEN CATEGORY C
    
    -- HINT: USE CASE STATEMENT, NO PERMANENT CHANGE IN TABLE REQUIRED. [NOTE: TABLES TO BE USED -ONLINE_CUSTOMER TABLE
select case when customer_gender='F' then concat('Ms ',upper(customer_fname),' ',upper(customer_lname)) ELSE
concat('Mr ',upper(customer_fname),' ',upper(customer_lname)) end as Full_Name,customer_email,customer_creation_date,
case when year(customer_creation_date)<2005 then 'A'
	 when year(customer_creation_date)>=2005 then 'B'
	 when year(customer_creation_date)>=2011 then 'C' end as Category from ONLINE_CUSTOMER;

 -- 2. WRITE A QUERY TO DISPLAY THE FOLLOWING INFORMATION FOR THE PRODUCTS, WHICH HAVE NOT BEEN SOLD:  PRODUCT_ID, PRODUCT_DESC, 
-- PRODUCT_QUANTITY_AVAIL, PRODUCT_PRICE,INVENTORY VALUES(PRODUCT_QUANTITY_AVAIL*PRODUCT_PRICE), NEW_PRICE AFTER APPLYING DISCOUNT 
-- AS PER BELOW CRITERIA. SORT THE OUTPUT WITH RESPECT TO DECREASING VALUE OF INVENTORY_VALUE.
	-- i.IF PRODUCT PRICE > 20,000 THEN APPLY 20% DISCOUNT
    -- ii.IF PRODUCT PRICE > 10,000 THEN APPLY 15% DISCOUNT
    -- iii.IF PRODUCT PRICE =< 10,000 THEN APPLY 10% DISCOUNT
    
    -- HINT: USE CASE STATEMENT, NO PERMANENT CHANGE IN TABLE REQUIRED. [NOTE: TABLES TO BE USED -PRODUCT, ORDER_ITEMS TABLE]
	
select p.PRODUCT_ID,PRODUCT_DESC,PRODUCT_QUANTITY_AVAIL,PRODUCT_PRICE,(PRODUCT_QUANTITY_AVAIL*PRODUCT_PRICE) as INVENTORY_VALUES,
case when PRODUCT_PRICE>20000 then PRODUCT_PRICE*0.80
	 when PRODUCT_PRICE>10000 then PRODUCT_PRICE*0.85
     when PRODUCT_PRICE<=20000 then PRODUCT_PRICE*0.90 end as New_price
	       from ORDER_ITEMS as od inner join product as p on p.PRODUCT_ID=od.PRODUCT_ID
ORDER BY INVENTORY_VALUES DESC;

    -- 3. WRITE A QUERY TO DISPLAY PRODUCT_CLASS_CODE, PRODUCT_CLASS_DESCRIPTION, COUNT OF PRODUCT TYPE IN EACH PRODUCT CLASS, 
-- INVENTORY VALUE (P.PRODUCT_QUANTITY_AVAIL*P.PRODUCT_PRICE). INFORMATION SHOULD BE DISPLAYED FOR ONLY THOSE PRODUCT_CLASS_CODE 
-- WHICH HAVE MORE THAN 1,00,000 INVENTORY VALUE. SORT THE OUTPUT WITH RESPECT TO DECREASING VALUE OF INVENTORY_VALUE.
	-- [NOTE: TABLES TO BE USED -PRODUCT, PRODUCT_CLASS]

select  p.PRODUCT_CLASS_CODE,pd.PRODUCT_class_DESC,count(*) as count_of_product_type,
sum(p.PRODUCT_QUANTITY_AVAIL*p.PRODUCT_PRICE) as INVENTORY_VALUES
    from product as p 
inner join PRODUCT_CLASS as pd
on pd.PRODUCT_CLASS_CODE=p.PRODUCT_CLASS_CODE
group by p.PRODUCT_CLASS_CODE,pd.PRODUCT_class_DESC
having  sum(p.PRODUCT_QUANTITY_AVAIL*p.PRODUCT_PRICE)>100000
order by INVENTORY_VALUES desc ;

-- 4. WRITE A QUERY TO DISPLAY CUSTOMER_ID, FULL NAME, CUSTOMER_EMAIL, CUSTOMER_PHONE AND COUNTRY OF CUSTOMERS WHO HAVE CANCELLED 
-- ALL THE ORDERS PLACED BY THEM(USE SUB-QUERY)
	-- [NOTE: TABLES TO BE USED - ONLINE_CUSTOMER, ADDRESSS, ORDER_HEADER]

SELECT c.CUSTOMER_ID, CONCAT(c.CUSTOMER_FNAME, ' ',c.CUSTOMER_LNAME) AS FULL_NAME,c.CUSTOMER_EMAIL,c.CUSTOMER_PHONE,a.COUNTRY
FROM 
    ONLINE_CUSTOMER c
    INNER JOIN ADDRESS a ON c.ADDRESS_ID = a.ADDRESS_ID
WHERE c.CUSTOMER_ID IN (
        SELECT CUSTOMER_ID
        FROM ORDER_HEADER
        GROUP BY CUSTOMER_ID
        HAVING COUNT(CASE WHEN ORDER_STATUS != 'cancelled' THEN 1 END) = 0
    );

-- 5. WRITE A QUERY TO DISPLAY SHIPPER NAME, CITY TO WHICH IT IS CATERING, NUMBER OF CUSTOMER CATERED BY THE SHIPPER IN THE CITY AND 
-- NUMBER OF CONSIGNMENTS DELIVERED TO THAT CITY FOR SHIPPER DHL(9 ROWS)
	-- [NOTE: TABLES TO BE USED -SHIPPER, ONLINE_CUSTOMER, ADDRESSS, ORDER_HEADER]
	select * from ONLINE_CUSTOMER
	select * from SHIPPER;
	select * from ORDER_HEADER;
	select * from ADDRESS;
	select s.shipper_name from shipper as s
	-- 6. WRITE A QUERY TO DISPLAY CUSTOMER ID, CUSTOMER FULL NAME, TOTAL QUANTITY AND TOTAL VALUE (QUANTITY*PRICE) SHIPPED WHERE MODE 
-- OF PAYMENT IS CASH AND CUSTOMER LAST NAME STARTS WITH 'G'
	-- [NOTE: TABLES TO BE USED -ONLINE_CUSTOMER, ORDER_ITEMS, PRODUCT, ORDER_HEADER]

select o.customer_id,concat(o.customer_fname,' ',o.customer_lname) as full_name,sum(oi.product_quantity)as total_quantity,
sum(oi.product_quantity*p.product_price) as total_value
from 
	ONLINE_CUSTOMER as o
inner join ORDER_HEADER as oh on oh.CUSTOMER_ID=o.CUSTOMER_ID
inner join ORDER_ITEMS as oi on oi.ORDER_ID=oh.ORDER_ID
inner join product as p on p.PRODUCT_ID=oi.PRODUCT_ID
where oh.PAYMENT_MODE='cash' and CUSTOMER_LNAME like 'g%'
group by o.CUSTOMER_ID,concat(o.customer_fname,' ',o.customer_lname);

-- 7. WRITE A QUERY TO DISPLAY ORDER_ID AND VOLUME OF BIGGEST ORDER (IN TERMS OF VOLUME) THAT CAN FIT IN CARTON ID 10  
	-- [NOTE: TABLES TO BE USED -CARTON, ORDER_ITEMS, PRODUCT]

select top 1 o.order_id,sum(p.len*p.width*p.height) as volume 
	from 
	ORDER_ITEMS as o 
inner join product as p on p.PRODUCT_ID=o.PRODUCT_ID
group by o.ORDER_ID
having  SUM(p.len*p.width*p.height)<=
 (select (c.len*c.width*c.height) as volume from CARTON as c
	where carton_id=10)
     ORDER BY volume desc;
-- 8. WRITE A QUERY TO DISPLAY PRODUCT_ID, PRODUCT_DESC, PRODUCT_QUANTITY_AVAIL, QUANTITY SOLD, AND SHOW INVENTORY STATUS OF 
-- PRODUCTS AS BELOW AS PER BELOW CONDITION:
	-- A.FOR ELECTRONICS AND COMPUTER CATEGORIES, 
		-- i.IF SALES TILL DATE IS ZERO THEN SHOW 'NO SALES IN PAST, GIVE DISCOUNT TO REDUCE INVENTORY',
        -- ii.IF INVENTORY QUANTITY IS LESS THAN 10% OF QUANTITY SOLD, SHOW 'LOW INVENTORY, NEED TO ADD INVENTORY', 
        -- iii.IF INVENTORY QUANTITY IS LESS THAN 50% OF QUANTITY SOLD, SHOW 'MEDIUM INVENTORY, NEED TO ADD SOME INVENTORY', 
        -- iv.IF INVENTORY QUANTITY IS MORE OR EQUAL TO 50% OF QUANTITY SOLD, SHOW 'SUFFICIENT INVENTORY'
		
		select p.product_id,p.product_desc,p.product_quantity_avail,sum(oi.product_quantity) as quantity_sold,
		case when sum(oi.product_quantity)=0 then 'NO SALES IN PAST, GIVE DISCOUNT TO REDUCE INVENTORY'
		     when p.product_quantity_avail< 0.1*sum(oi.product_quantity) then 'LOW INVENTORY, NEED TO ADD INVENTORY'
			 when p.product_quantity_avail< 0.5*sum(oi.product_quantity) then  'MEDIUM INVENTORY, NEED TO ADD SOME INVENTORY'
			 when p.product_quantity_avail>= 0.5*sum(oi.product_quantity) then 'SUFFICIENT INVENTORY'
			 END AS INVENTORY_STATUS
  from 
		product as p inner join ORDER_ITEMS as oi on p.PRODUCT_ID=oi.PRODUCT_ID
		inner join PRODUCT_CLASS as pc on pc.PRODUCT_CLASS_CODE=p.PRODUCT_CLASS_CODE
		where pc.PRODUCT_CLASS_desc in ('Electronics', 'Computer')
		group by  p.PRODUCT_ID, p.PRODUCT_DESC, p.PRODUCT_QUANTITY_AVAIL;

	-- B.FOR MOBILES AND WATCHES CATEGORIES, 
		-- i.IF SALES TILL DATE IS ZERO THEN SHOW 'NO SALES IN PAST, GIVE DISCOUNT TO REDUCE INVENTORY', 
        -- ii.IF INVENTORY QUANTITY IS LESS THAN 20% OF QUANTITY SOLD, SHOW 'LOW INVENTORY, NEED TO ADD INVENTORY',  
        -- iii.IF INVENTORY QUANTITY IS LESS THAN 60% OF QUANTITY SOLD, SHOW 'MEDIUM INVENTORY, NEED TO ADD SOME INVENTORY', 
        -- iv.IF INVENTORY QUANTITY IS MORE OR EQUAL TO 60% OF QUANTITY SOLD, SHOW 'SUFFICIENT INVENTORY'
select p.product_id,p.product_desc,p.product_quantity_avail,sum(oi.product_quantity) as quantity_sold,
		case when sum(oi.product_quantity)=0 then 'NO SALES IN PAST, GIVE DISCOUNT TO REDUCE INVENTORY'
		     when p.product_quantity_avail< 0.2*sum(oi.product_quantity) then 'LOW INVENTORY, NEED TO ADD INVENTORY'
			 when p.product_quantity_avail< 0.6*sum(oi.product_quantity) then  'MEDIUM INVENTORY, NEED TO ADD SOME INVENTORY'
			 when p.product_quantity_avail>= 0.6*sum(oi.product_quantity) then 'SUFFICIENT INVENTORY'
			 END AS INVENTORY_STATUS
  from 
		product as p inner join ORDER_ITEMS as oi on p.PRODUCT_ID=oi.PRODUCT_ID
		inner join PRODUCT_CLASS as pc on pc.PRODUCT_CLASS_CODE=p.PRODUCT_CLASS_CODE
		where pc.PRODUCT_CLASS_desc in ('MOBILES', 'WATCHES')
		group by  p.PRODUCT_ID, p.PRODUCT_DESC, p.PRODUCT_QUANTITY_AVAIL;

	-- C.REST OF THE CATEGORIES, 
		-- i.IF SALES TILL DATE IS ZERO THEN SHOW 'NO SALES IN PAST, GIVE DISCOUNT TO REDUCE INVENTORY', 
        -- ii.IF INVENTORY QUANTITY IS LESS THAN 30% OF QUANTITY SOLD, SHOW 'LOW INVENTORY, NEED TO ADD INVENTORY',  
        -- iii.IF INVENTORY QUANTITY IS LESS THAN 70% OF QUANTITY SOLD, SHOW 'MEDIUM INVENTORY, NEED TO ADD SOME INVENTORY', 
        -- iv. IF INVENTORY QUANTITY IS MORE OR EQUAL TO 70% OF QUANTITY SOLD, SHOW 'SUFFICIENT INVENTORY'
select p.product_id,p.product_desc,p.product_quantity_avail,sum(oi.product_quantity) as quantity_sold,
		case when sum(oi.product_quantity)=0 then 'NO SALES IN PAST, GIVE DISCOUNT TO REDUCE INVENTORY'
		     when p.product_quantity_avail< 0.3*sum(oi.product_quantity) then 'LOW INVENTORY, NEED TO ADD INVENTORY'
			 when p.product_quantity_avail< 0.7*sum(oi.product_quantity) then  'MEDIUM INVENTORY, NEED TO ADD SOME INVENTORY'
			 when p.product_quantity_avail>= 0.7*sum(oi.product_quantity) then 'SUFFICIENT INVENTORY'
			 END AS INVENTORY_STATUS
  from 
		product as p inner join ORDER_ITEMS as oi on p.PRODUCT_ID=oi.PRODUCT_ID
		inner join PRODUCT_CLASS as pc on pc.PRODUCT_CLASS_CODE=p.PRODUCT_CLASS_CODE
		where pc.PRODUCT_CLASS_desc not in ('MOBILES', 'WATCHES','Electronics', 'Computer')
		group by  p.PRODUCT_ID, p.PRODUCT_DESC, p.PRODUCT_QUANTITY_AVAIL;
        
			-- [NOTE: TABLES TO BE USED -PRODUCT, PRODUCT_CLASS, ORDER_ITEMS] (USE SUB-QUERY)

-- 9. WRITE A QUERY TO DISPLAY PRODUCT_ID, PRODUCT_DESC AND TOTAL QUANTITY OF PRODUCTS WHICH ARE SOLD TOGETHER WITH PRODUCT ID 201 
-- AND ARE NOT SHIPPED TO CITY BANGALORE AND NEW DELHI. DISPLAY THE OUTPUT IN DESCENDING ORDER WITH RESPECT TO TOT_QTY.(USE SUB-QUERY)
	-- [NOTE: TABLES TO BE USED -ORDER_ITEMS,PRODUCT,ORDER_HEADER, ONLINE_CUSTOMER, ADDRESS]
	SELECT  oi.PRODUCT_ID,p.PRODUCT_DESC,SUM(oi.PRODUCT_QUANTITY) AS TOT_QTY
FROM 
    ORDER_ITEMS oi
    INNER JOIN PRODUCT p ON oi.PRODUCT_ID = p.PRODUCT_ID
    INNER JOIN ORDER_HEADER oh ON oi.ORDER_ID = oh.ORDER_ID
    INNER JOIN ONLINE_CUSTOMER oc ON oh.CUSTOMER_ID = oc.CUSTOMER_ID
    INNER JOIN ADDRESS a ON oc.ADDRESS_ID = a.ADDRESS_ID
WHERE oi.ORDER_ID IN (
        SELECT ORDER_ID 
        FROM ORDER_ITEMS 
        WHERE PRODUCT_ID = 201)
    AND oi.PRODUCT_ID != 201 AND a.CITY NOT IN ('Bangalore', 'New Delhi')
GROUP BY oi.PRODUCT_ID, p.PRODUCT_DESC
ORDER BY TOT_QTY DESC;


-- 10. WRITE A QUERY TO DISPLAY THE ORDER_ID,CUSTOMER_ID AND CUSTOMER FULLNAME AND TOTAL QUANTITY OF PRODUCTS SHIPPED FOR ORDER IDS 
-- WHICH ARE EVENAND SHIPPED TO ADDRESS WHERE PINCODE IS NOT STARTING WITH "5" 
	-- [NOTE: TABLES TO BE USED - ONLINE_CUSTOMER,ORDER_HEADER, ORDER_ITEMS, ADDRESS]

select oh.order_id,oh.customer_id,concat(o.customer_fname,' ',o.customer_lname) as full_name,sum(oi.PRODUCT_QUANTITY) as total_quantity
	 from 
	   ORDER_HEADER as oh
	 inner join ONLINE_CUSTOMER as o on o.CUSTOMER_ID=oh.CUSTOMER_ID
	 inner join ORDER_ITEMS as oi on oi.order_id=oh.order_id 
	 inner join ADDRESS as a on a.ADDRESS_ID=o.ADDRESS_ID
	 where oh.ORDER_ID % 2 = 0  AND a.PINCODE NOT LIKE '5%'
	 group by oh.order_id,oh.customer_id,concat(o.customer_fname,' ',o.customer_lname);
